uuid,apartmentcomplex_uuid,name,address,geometry
apartmentbuilding_1,apartment_1165010101,101,서울특별시 서초구 명달로 33 101동,Point (127.00511716 37.48086332)
apartmentbuilding_2,apartment_1165010101,102,서울특별시 서초구 명달로 33 102동,Point (127.00532652 37.48047664)
apartmentbuilding_3,apartment_1165010101,103,서울특별시 서초구 명달로 33 103동,Point (127.00545222 37.4801939)
apartmentbuilding_4,apartment_1165010101,104,서울특별시 서초구 명달로 33 104동,Point (127.00554962 37.47997571)
apartmentbuilding_5,apartment_1165010101,105,서울특별시 서초구 명달로 33 105동,Point (127.00562259 37.47981589)
apartmentbuilding_6,apartment_1165010102,101,서울특별시 서초구 남부순환로 2311-12 101동,Point (127.00465707 37.47693277)
apartmentbuilding_7,apartment_1165010102,102,서울특별시 서초구 남부순환로 2311-12 102동,Point (127.00512452 37.47715227)
apartmentbuilding_8,apartment_1165010102,103,서울특별시 서초구 남부순환로 2311-12 103동,Point (127.0056846 37.47743214)
apartmentbuilding_9,apartment_1165010102,104,서울특별시 서초구 남부순환로 2311-12 104동,Point (127.00615032 37.47765805)
apartmentbuilding_10,apartment_1165010102,105,서울특별시 서초구 남부순환로 2311-12 105동,Point (127.0043838 37.47731106)
apartmentbuilding_11,apartment_1165010102,106,서울특별시 서초구 남부순환로 2311-12 106동,Point (127.00543398 37.47781588)
apartmentbuilding_12,apartment_1165010102,107,서울특별시 서초구 남부순환로 2311-12 107동,Point (127.00415114 37.47766025)
apartmentbuilding_13,apartment_1165010102,108,서울특별시 서초구 남부순환로 2311-12 108동,Point (127.00467237 37.47786212)
apartmentbuilding_14,apartment_1165010102,109,서울특별시 서초구 남부순환로 2311-12 109동,Point (127.0050854 37.47802716)
apartmentbuilding_15,apartment_1165010102,110,서울특별시 서초구 남부순환로 2311-12 110동,Point (127.0056046 37.47826203)
apartmentbuilding_16,apartment_1165010104,1,서울특별시 서초구 방배로 14 1동,Point (127.00180608 37.4772989)
apartmentbuilding_17,apartment_1165010104,2,서울특별시 서초구 방배로 14 2동,Point (127.00253882 37.47761333)
apartmentbuilding_18,apartment_1165010104,3,서울특별시 서초구 방배로 14 3동,Point (127.00207007 37.47686984)
apartmentbuilding_19,apartment_1165010104,5,서울특별시 서초구 방배로 14 5동,Point (127.00312055 37.4773214)
apartmentbuilding_20,apartment_1165010104,6,서울특별시 서초구 방배로 14 6동,Point (127.00246434 37.47649478)
apartmentbuilding_21,apartment_1165010104,7,서울특별시 서초구 방배로 14 7동,Point (127.00340461 37.47690013)
apartmentbuilding_22,apartment_1165010105,1,서울 서초구 방배동 1018-1 1동,Point (127.00214093 37.47801511)
apartmentbuilding_23,apartment_1165010105,2,서울 서초구 방배동 1018-1 2동,Point (127.00184561 37.47847469)
apartmentbuilding_24,apartment_1165010105,3,서울 서초구 방배동 1018-1 3동,Point (127.00155638 37.47892458)
apartmentbuilding_25,apartment_1165010105,5,서울 서초구 방배동 1018-1 5동,Point (127.00107302 37.47965359)
apartmentbuilding_26,apartment_1165010108,101,서울특별시 서초구 효령로 84 101동,Point (126.9940312 37.48004109)
apartmentbuilding_27,apartment_1165010108,102,서울특별시 서초구 효령로 84 102동,Point (126.99335521 37.47982129)
apartmentbuilding_28,apartment_1165010108,103,서울특별시 서초구 효령로 84 103동,Point (126.99307047 37.47950843)
apartmentbuilding_29,apartment_1165010108,104,서울특별시 서초구 효령로 84 104동,Point (126.9935109 37.47940792)
apartmentbuilding_30,apartment_1165010108,105,서울특별시 서초구 효령로 84 105동,Point (126.99411094 37.47960217)
apartmentbuilding_31,apartment_1165010108,106,서울특별시 서초구 효령로 84 106동,Point (126.99414706 37.47916624)
apartmentbuilding_32,apartment_1165010109,101,서울특별시 서초구 서초대로1길 30 101동,Point (126.98361497 37.48923124)
apartmentbuilding_33,apartment_1165010109,102,서울특별시 서초구 서초대로1길 30 102동,Point (126.98408965 37.48925341)
apartmentbuilding_34,apartment_1165010109,103,서울특별시 서초구 서초대로1길 30 103동,Point (126.98375471 37.48884877)
apartmentbuilding_35,apartment_1165010109,104,서울특별시 서초구 서초대로1길 30 104동,Point (126.9841222 37.48871695)
apartmentbuilding_36,apartment_1165010109,105,서울특별시 서초구 서초대로1길 30 105동,Point (126.98378807 37.48834017)
apartmentbuilding_37,apartment_1165010109,106,서울특별시 서초구 서초대로1길 30 106동,Point (126.98425404 37.48818818)
apartmentbuilding_38,apartment_1165010109,107,서울특별시 서초구 서초대로1길 30 107동,Point (126.98373112 37.48783495)
apartmentbuilding_39,apartment_1165010109,108,서울특별시 서초구 서초대로1길 30 108동,Point (126.98430869 37.48777053)
apartmentbuilding_40,apartment_1165010110,201,서울특별시 서초구 서초대로1길 34 201동,Point (126.98350638 37.49035704)
apartmentbuilding_41,apartment_1165010110,202,서울특별시 서초구 서초대로1길 34 202동,Point (126.98370014 37.49007902)
apartmentbuilding_42,apartment_1165010110,203,서울특별시 서초구 서초대로1길 34 203동,Point (126.98351275 37.48975784)
apartmentbuilding_43,apartment_1165010110,204,서울특별시 서초구 서초대로1길 34 204동,Point (126.98407874 37.48977032)
apartmentbuilding_44,apartment_1165010110,205,서울특별시 서초구 서초대로1길 34 205동,Point (126.98449456 37.49007611)
apartmentbuilding_45,apartment_1165010110,206,서울특별시 서초구 서초대로1길 34 206동,Point (126.98423788 37.4903569)
apartmentbuilding_46,apartment_1165010111,301,서울특별시 서초구 방배중앙로21길 55 301동,Point (126.98382543 37.49172148)
apartmentbuilding_47,apartment_1165010111,302,서울특별시 서초구 방배중앙로21길 55 302동,Point (126.98398147 37.49141776)
apartmentbuilding_48,apartment_1165010111,303,서울특별시 서초구 방배중앙로21길 55 303동,Point (126.98343414 37.49144662)
apartmentbuilding_49,apartment_1165010112,101,서울특별시 서초구 방배선행길 1 101동,Point (126.98333791 37.47372523)
apartmentbuilding_50,apartment_1165010112,102,서울특별시 서초구 방배선행길 1 102동,Point (126.98322201 37.47412818)
apartmentbuilding_51,apartment_1165010112,103,서울특별시 서초구 방배선행길 1 103동,Point (126.98326195 37.47453611)
apartmentbuilding_52,apartment_1165010112,104,서울특별시 서초구 방배선행길 1 104동,Point (126.98335248 37.47493526)
apartmentbuilding_53,apartment_1165010112,105,서울특별시 서초구 방배선행길 1 105동,Point (126.98263551 37.47499151)
apartmentbuilding_54,apartment_1165010112,106,서울특별시 서초구 방배선행길 1 106동,Point (126.98254286 37.47458986)
apartmentbuilding_55,apartment_1165010112,107,서울특별시 서초구 방배선행길 1 107동,Point (126.98259551 37.47410986)
apartmentbuilding_56,apartment_1165010112,108,서울특별시 서초구 방배선행길 1 108동,Point (126.98281255 37.47368567)
apartmentbuilding_57,apartment_1165010112,109,서울특별시 서초구 방배선행길 1 109동,Point (126.98298139 37.47324084)
apartmentbuilding_58,apartment_1165010113,101,서울특별시 서초구 방배선행길 2 101동,Point (126.98363254 37.47243778)
apartmentbuilding_59,apartment_1165010113,102,서울특별시 서초구 방배선행길 2 102동,Point (126.98381121 37.47272425)
apartmentbuilding_60,apartment_1165010113,103,서울특별시 서초구 방배선행길 2 103동,Point (126.98340008 37.47292447)
apartmentbuilding_61,apartment_1165010113,104,서울특별시 서초구 방배선행길 2 104동,Point (126.98346509 37.47327124)
apartmentbuilding_62,apartment_1165010113,105,서울특별시 서초구 방배선행길 2 105동,Point (126.98382329 37.47308866)
apartmentbuilding_63,apartment_1165010113,106,서울특별시 서초구 방배선행길 2 106동,Point (126.98414497 37.47290997)
apartmentbuilding_64,apartment_1165010113,107,서울특별시 서초구 방배선행길 2 107동,Point (126.98446 37.47276471)
apartmentbuilding_65,apartment_1165010113,108,서울특별시 서초구 방배선행길 2 108동,Point (126.98482626 37.47259034)
apartmentbuilding_66,apartment_1165010113,109,서울특별시 서초구 방배선행길 2 109동,Point (126.98446314 37.47240487)
apartmentbuilding_67,apartment_1165010114,101,서울특별시 서초구 방배로 278 101동,Point (126.98776111 37.49795669)
apartmentbuilding_68,apartment_1165010114,102,서울특별시 서초구 방배로 278 102동,Point (126.98820591 37.49795804)
apartmentbuilding_69,apartment_1165010114,103,서울특별시 서초구 방배로 278 103동,Point (126.98811466 37.49734413)
apartmentbuilding_70,apartment_1165010115,401,서울특별시 서초구 동광로3길 18 401동,Point (126.98480976 37.49146216)
apartmentbuilding_71,apartment_1165010115,402,서울특별시 서초구 동광로3길 18 402동,Point (126.98491335 37.4918636)
apartmentbuilding_72,apartment_1165010116,101,서울특별시 서초구 방배천로18길 11 101동,Point (126.98311113 37.48302834)
apartmentbuilding_73,apartment_1165010116,102,서울특별시 서초구 방배천로18길 11 102동,Point (126.983775 37.48297)
apartmentbuilding_74,apartment_1165010116,103,서울특별시 서초구 방배천로18길 11 103동,Point (126.98442788 37.48307951)
apartmentbuilding_75,apartment_1165010116,104,서울특별시 서초구 방배천로18길 11 104동,Point (126.98310262 37.48360391)
apartmentbuilding_76,apartment_1165010116,105,서울특별시 서초구 방배천로18길 11 105동,Point (126.98360622 37.48358759)
apartmentbuilding_77,apartment_1165010116,106,서울특별시 서초구 방배천로18길 11 106동,Point (126.98426529 37.48360229)
apartmentbuilding_78,apartment_1165010116,107,서울특별시 서초구 방배천로18길 11 107동,Point (126.98486499 37.48346499)
apartmentbuilding_79,apartment_1165010116,108,서울특별시 서초구 방배천로18길 11 108동,Point (126.98542045 37.48342677)
apartmentbuilding_80,apartment_1165010116,109,서울특별시 서초구 방배천로18길 11 109동,Point (126.98475759 37.48400217)
apartmentbuilding_81,apartment_1165010116,110,서울특별시 서초구 방배천로18길 11 110동,Point (126.98543191 37.48399886)
apartmentbuilding_82,apartment_1165010116,111,서울특별시 서초구 방배천로18길 11 111동,Point (126.98478991 37.48464004)
apartmentbuilding_83,apartment_1165010117,101,서울특별시 서초구 남부순환로 2183 101동,Point (126.99007358 37.47507074)
apartmentbuilding_84,apartment_1165010117,102,서울특별시 서초구 남부순환로 2183 102동,Point (126.99079998 37.47486999)
apartmentbuilding_85,apartment_1165010117,201,서울특별시 서초구 남부순환로 2183 201동,Point (126.99169643 37.47462139)
apartmentbuilding_86,apartment_1165010117,202,서울특별시 서초구 남부순환로 2183 202동,Point (126.99245071 37.47441468)
apartmentbuilding_87,apartment_1165010118,가,서울특별시 서초구 방배로 270 가동,Point (126.98922703 37.4977972)
apartmentbuilding_88,apartment_1165010118,나,서울특별시 서초구 방배로 270 나동,Point (126.99012353 37.49778889)
apartmentbuilding_89,apartment_1165010118,다,서울특별시 서초구 방배로 270 다동,Point (126.98920552 37.49725097)
apartmentbuilding_90,apartment_1165010118,라,서울특별시 서초구 방배로 270 라동,Point (126.99036694 37.49723389)
apartmentbuilding_91,apartment_1165010118,마,서울특별시 서초구 방배로 270 마동,Point (126.98932084 37.49673124)
apartmentbuilding_92,apartment_1165010118,바,서울특별시 서초구 방배로 270 바동,Point (126.9905663 37.49671478)
apartmentbuilding_93,apartment_1165010119,101,서울특별시 서초구 방배중앙로 207-10 101동,Point (126.98410031 37.49764281)
apartmentbuilding_94,apartment_1165010119,102,서울특별시 서초구 방배중앙로 207-10 102동,Point (126.98436391 37.49786049)
apartmentbuilding_95,apartment_1165010119,103,서울특별시 서초구 방배중앙로 207-10 103동,Point (126.98458846 37.4980672)
apartmentbuilding_96,apartment_1165010119,104,서울특별시 서초구 방배중앙로 207-10 104동,Point (126.98492869 37.49778178)
apartmentbuilding_97,apartment_1165010121,12,서울특별시 서초구 방배로45길 2 12동,Point (126.98704702 37.49728665)
apartmentbuilding_98,apartment_1165010121,13,서울특별시 서초구 방배로45길 2 13동,Point (126.98680653 37.49766106)
apartmentbuilding_99,apartment_1165010125,101,서울특별시 서초구 방배로37길 26-9 101동,Point (126.98769987 37.49333021)
apartmentbuilding_100,apartment_1165010125,102,서울특별시 서초구 방배로37길 26-9 102동,Point (126.98752011 37.49373464)
apartmentbuilding_101,apartment_1165010125,103,서울특별시 서초구 방배로37길 26-9 103동,Point (126.98734752 37.49414344)
apartmentbuilding_102,apartment_1165010126,101,서울특별시 서초구 동광로 89-5 101동,Point (126.99150566 37.49401753)
apartmentbuilding_103,apartment_1165010126,102,서울특별시 서초구 동광로 89-5 102동,Point (126.99103652 37.49463225)
apartmentbuilding_104,apartment_1165010126,103,서울특별시 서초구 동광로 89-5 103동,Point (126.99155492 37.49458192)
apartmentbuilding_105,apartment_1165010126,104,서울특별시 서초구 동광로 89-5 104동,Point (126.99198839 37.49438701)
apartmentbuilding_106,apartment_1165010126,105,서울특별시 서초구 동광로 89-5 105동,Point (126.99261009 37.49415072)
apartmentbuilding_107,apartment_1165010128,101,서울특별시 서초구 방배로26길 41 101동,Point (126.99441372 37.48993794)
apartmentbuilding_108,apartment_1165010128,102,서울특별시 서초구 방배로26길 41 102동,Point (126.99423469 37.49033225)
apartmentbuilding_109,apartment_1165010128,103,서울특별시 서초구 방배로26길 41 103동,Point (126.99494884 37.49015849)
apartmentbuilding_110,apartment_1165010128,104,서울특별시 서초구 방배로26길 41 104동,Point (126.99552292 37.49037331)
apartmentbuilding_111,apartment_1165010131,101,서울특별시 서초구 서초대로34길 34 101동,Point (126.99886128 37.48820406)
apartmentbuilding_112,apartment_1165010131,102,서울특별시 서초구 서초대로34길 34 102동,Point (126.99885029 37.48770347)
apartmentbuilding_113,apartment_1165010131,103,서울특별시 서초구 서초대로34길 34 103동,Point (126.99901338 37.48724647)
apartmentbuilding_114,apartment_1165010132,101,서울특별시 서초구 방배로18길 67 101동,Point (126.99896738 37.48596479)
apartmentbuilding_115,apartment_1165010132,102,서울특별시 서초구 방배로18길 67 102동,Point (126.99903603 37.48638697)
apartmentbuilding_116,apartment_1165010132,103,서울특별시 서초구 방배로18길 67 103동,Point (126.9991077 37.48682739)
apartmentbuilding_117,apartment_1165010133,101,서울특별시 서초구 서초대로26길 19 101동,Point (126.99533217 37.48655589)
apartmentbuilding_118,apartment_1165010133,102,서울특별시 서초구 서초대로26길 19 102동,Point (126.99498276 37.48679766)
apartmentbuilding_119,apartment_1165010133,103,서울특별시 서초구 서초대로26길 19 103동,Point (126.99500564 37.48713588)
apartmentbuilding_120,apartment_1165010134,101,서울특별시 서초구 효령로33길 50 101동,Point (126.99732488 37.48414528)
apartmentbuilding_121,apartment_1165010134,102,서울특별시 서초구 효령로33길 50 102동,Point (126.99756321 37.48371204)
apartmentbuilding_122,apartment_1165010134,103,서울특별시 서초구 효령로33길 50 103동,Point (126.99829733 37.48355079)
apartmentbuilding_123,apartment_1165010134,104,서울특별시 서초구 효령로33길 50 104동,Point (126.99882376 37.48331739)
apartmentbuilding_124,apartment_1165010134,105,서울특별시 서초구 효령로33길 50 105동,Point (126.99793195 37.48431346)
apartmentbuilding_125,apartment_1165010134,106,서울특별시 서초구 효령로33길 50 106동,Point (126.99858016 37.48402862)
apartmentbuilding_126,apartment_1165010134,107,서울특별시 서초구 효령로33길 50 107동,Point (126.99916493 37.48383167)
apartmentbuilding_127,apartment_1165010134,108,서울특별시 서초구 효령로33길 50 108동,Point (126.99851408 37.48446151)
apartmentbuilding_128,apartment_1165010134,109,서울특별시 서초구 효령로33길 50 109동,Point (126.99917569 37.48446051)
apartmentbuilding_129,apartment_1165010136,101,서울특별시 서초구 방배로19길 67 101동,Point (126.99173525 37.4837464)
apartmentbuilding_130,apartment_1165010136,102,서울특별시 서초구 방배로19길 67 102동,Point (126.99203948 37.48324618)
apartmentbuilding_131,apartment_1165010138,101,서울특별시 서초구 명달로9길 57 101동,Point (127.00249736 37.47932212)
apartmentbuilding_132,apartment_1165010138,102,서울특별시 서초구 명달로9길 57 102동,Point (127.00222609 37.47972567)
apartmentbuilding_133,apartment_1165010138,103,서울특별시 서초구 명달로9길 57 103동,Point (127.00203549 37.48015234)
apartmentbuilding_134,apartment_1165010138,104,서울특별시 서초구 명달로9길 57 104동,Point (127.00278114 37.47991772)
apartmentbuilding_135,apartment_1165010138,105,서울특별시 서초구 명달로9길 57 105동,Point (127.00304679 37.47947844)
apartmentbuilding_136,apartment_1165010139,1,서울특별시 서초구 효령로 164 1동,Point (127.00122847 37.48161537)
apartmentbuilding_137,apartment_1165010139,2,서울특별시 서초구 효령로 164 2동,Point (127.00213029 37.48169288)
apartmentbuilding_138,apartment_1165010139,3,서울특별시 서초구 효령로 164 3동,Point (127.00232932 37.48108998)
apartmentbuilding_139,apartment_1165010139,5,서울특별시 서초구 효령로 164 5동,Point (127.00054124 37.48146667)
apartmentbuilding_140,apartment_1165010139,6,서울특별시 서초구 효령로 164 6동,Point (127.00084857 37.48095552)
apartmentbuilding_141,apartment_1165010139,7,서울특별시 서초구 효령로 164 7동,Point (127.00142544 37.48054396)
apartmentbuilding_142,apartment_1165010140,101,서울특별시 서초구 방배로 21 101동,Point (126.99976865 37.47558193)
apartmentbuilding_143,apartment_1165010140,102,서울특별시 서초구 방배로 21 102동,Point (126.99955978 37.47603532)
apartmentbuilding_144,apartment_1165010140,103,서울특별시 서초구 방배로 21 103동,Point (126.99925778 37.47651177)
apartmentbuilding_145,apartment_1165010140,104,서울특별시 서초구 방배로 21 104동,Point (126.99895465 37.4769389)
apartmentbuilding_146,apartment_1165010140,105,서울특별시 서초구 방배로 21 105동,Point (126.99975368 37.47714387)
apartmentbuilding_147,apartment_1165010140,106,서울특별시 서초구 방배로 21 106동,Point (127.0001056 37.47679575)
apartmentbuilding_148,apartment_1165010140,107,서울특별시 서초구 방배로 21 107동,Point (127.00036785 37.47636201)
apartmentbuilding_149,apartment_1165010140,108,서울특별시 서초구 방배로 21 108동,Point (127.0005932 37.47589973)
apartmentbuilding_150,apartment_1165010201,101,서울특별시 서초구 바우뫼로 91 101동,Point (127.03163324 37.47463163)
apartmentbuilding_151,apartment_1165010201,102,서울특별시 서초구 바우뫼로 91 102동,Point (127.03179953 37.47504051)
apartmentbuilding_152,apartment_1165010201,103,서울특별시 서초구 바우뫼로 91 103동,Point (127.03125975 37.47508824)
apartmentbuilding_153,apartment_1165010201,105,서울특별시 서초구 바우뫼로 91 105동,Point (127.03087601 37.47455714)
apartmentbuilding_154,apartment_1165010201,106,서울특별시 서초구 바우뫼로 91 106동,Point (127.03058481 37.4749736)
apartmentbuilding_155,apartment_1165010201,107,서울특별시 서초구 바우뫼로 91 107동,Point (127.03081501 37.47539233)
apartmentbuilding_156,apartment_1165010201,108,서울특별시 서초구 바우뫼로 91 108동,Point (127.03030458 37.47542422)
apartmentbuilding_157,apartment_1165010201,109,서울특별시 서초구 바우뫼로 91 109동,Point (127.03011976 37.47589648)
apartmentbuilding_158,apartment_1165010201,110,서울특별시 서초구 바우뫼로 91 110동,Point (127.03024112 37.47636383)
apartmentbuilding_159,apartment_1165010201,111,서울특별시 서초구 바우뫼로 91 111동,Point (127.02973402 37.47646801)
apartmentbuilding_160,apartment_1165010201,113,서울특별시 서초구 바우뫼로 91 113동,Point (127.02895079 37.4777448)
apartmentbuilding_161,apartment_1165010202,101,서울특별시 서초구 바우뫼로 91 101동,Point (127.03163324 37.47463163)
apartmentbuilding_162,apartment_1165010202,102,서울특별시 서초구 바우뫼로 91 102동,Point (127.03179953 37.47504051)
apartmentbuilding_163,apartment_1165010202,103,서울특별시 서초구 바우뫼로 91 103동,Point (127.03125975 37.47508824)
apartmentbuilding_164,apartment_1165010202,105,서울특별시 서초구 바우뫼로 91 105동,Point (127.03087601 37.47455714)
apartmentbuilding_165,apartment_1165010202,106,서울특별시 서초구 바우뫼로 91 106동,Point (127.03058481 37.4749736)
apartmentbuilding_166,apartment_1165010202,107,서울특별시 서초구 바우뫼로 91 107동,Point (127.03081501 37.47539233)
apartmentbuilding_167,apartment_1165010202,108,서울특별시 서초구 바우뫼로 91 108동,Point (127.03030458 37.47542422)
apartmentbuilding_168,apartment_1165010202,109,서울특별시 서초구 바우뫼로 91 109동,Point (127.03011976 37.47589648)
apartmentbuilding_169,apartment_1165010202,110,서울특별시 서초구 바우뫼로 91 110동,Point (127.03024112 37.47636383)
apartmentbuilding_170,apartment_1165010202,111,서울특별시 서초구 바우뫼로 91 111동,Point (127.02973402 37.47646801)
apartmentbuilding_171,apartment_1165010202,113,서울특별시 서초구 바우뫼로 91 113동,Point (127.02895079 37.4777448)
apartmentbuilding_172,apartment_1165010301,101,서울특별시 서초구 바우뫼로7길 51 101동,Point (127.02292114 37.47216788)
apartmentbuilding_173,apartment_1165010301,102,서울특별시 서초구 바우뫼로7길 51 102동,Point (127.02241152 37.4725663)
apartmentbuilding_174,apartment_1165010301,103,서울특별시 서초구 바우뫼로7길 51 103동,Point (127.02243277 37.4732029)
apartmentbuilding_175,apartment_1165010301,104,서울특별시 서초구 바우뫼로7길 51 104동,Point (127.02308772 37.47303318)
apartmentbuilding_176,apartment_1165010301,105,서울특별시 서초구 바우뫼로7길 51 105동,Point (127.02369585 37.47334415)
apartmentbuilding_177,apartment_1165010301,106,서울특별시 서초구 바우뫼로7길 51 106동,Point (127.02350784 37.47267211)
apartmentbuilding_178,apartment_1165010302,101,서울특별시 서초구 바우뫼로7길 29 101동,Point (127.02403543 37.47114513)
apartmentbuilding_179,apartment_1165010302,102,서울특별시 서초구 바우뫼로7길 29 102동,Point (127.0238405 37.47162572)
apartmentbuilding_180,apartment_1165010302,103,서울특별시 서초구 바우뫼로7길 29 103동,Point (127.02325978 37.47178758)
apartmentbuilding_181,apartment_1165010302,104,서울특별시 서초구 바우뫼로7길 29 104동,Point (127.02337121 37.47136781)
apartmentbuilding_182,apartment_1165010302,105,서울특별시 서초구 바우뫼로7길 29 105동,Point (127.02345768 37.47097933)
apartmentbuilding_183,apartment_1165010303,101,서울특별시 서초구 바우뫼로 33 101동,Point (127.02525162 37.4715054)
apartmentbuilding_184,apartment_1165010303,102,서울특별시 서초구 바우뫼로 33 102동,Point (127.02551447 37.47131328)
apartmentbuilding_185,apartment_1165010303,103,서울특별시 서초구 바우뫼로 33 103동,Point (127.02571585 37.47112355)
apartmentbuilding_186,apartment_1165010303,104,서울특별시 서초구 바우뫼로 33 104동,Point (127.02629765 37.47144555)
apartmentbuilding_187,apartment_1165010303,105,서울특별시 서초구 바우뫼로 33 105동,Point (127.02610056 37.47163649)
apartmentbuilding_188,apartment_1165010303,106,서울특별시 서초구 바우뫼로 33 106동,Point (127.02586324 37.47195407)
apartmentbuilding_189,apartment_1165010303,107,서울특별시 서초구 바우뫼로 33 107동,Point (127.02639838 37.47202624)
apartmentbuilding_190,apartment_1165010304,101,서울특별시 서초구 바우뫼로 53 101동,Point (127.02839738 37.47266565)
apartmentbuilding_191,apartment_1165010304,102,서울특별시 서초구 바우뫼로 53 102동,Point (127.02753235 37.47212374)
apartmentbuilding_192,apartment_1165010304,103,서울특별시 서초구 바우뫼로 53 103동,Point (127.02812001 37.47285555)
apartmentbuilding_193,apartment_1165010304,104,서울특별시 서초구 바우뫼로 53 104동,Point (127.02719166 37.47227756)
apartmentbuilding_194,apartment_1165010304,105,서울특별시 서초구 바우뫼로 53 105동,Point (127.02774156 37.47295626)
apartmentbuilding_195,apartment_1165010304,106,서울특별시 서초구 바우뫼로 53 106동,Point (127.02698153 37.47248508)
apartmentbuilding_196,apartment_1165010305,101,서울특별시 서초구 형촌길 35 101동,Point (127.02036715 37.46359923)
apartmentbuilding_197,apartment_1165010305,102,서울특별시 서초구 형촌길 35 102동,Point (127.01968542 37.4638986)
apartmentbuilding_198,apartment_1165010305,103,서울특별시 서초구 형촌길 35 103동,Point (127.01910683 37.46410995)
apartmentbuilding_199,apartment_1165010305,104,서울특별시 서초구 형촌길 35 104동,Point (127.01919267 37.46384666)
apartmentbuilding_200,apartment_1165010305,105,서울특별시 서초구 형촌길 35 105동,Point (127.0195267 37.46359865)
apartmentbuilding_201,apartment_1165010305,106,서울특별시 서초구 형촌길 35 106동,Point (127.01991887 37.46336705)
apartmentbuilding_202,apartment_1165010305,107,서울특별시 서초구 형촌길 35 107동,Point (127.02025501 37.46323393)
apartmentbuilding_203,apartment_1165010305,108,서울특별시 서초구 형촌길 35 108동,Point (127.02051596 37.46279981)
apartmentbuilding_204,apartment_1165010305,109,서울특별시 서초구 형촌길 35 109동,Point (127.02060499 37.46310656)
apartmentbuilding_205,apartment_1165010305,110,서울특별시 서초구 형촌길 35 110동,Point (127.02068752 37.46338867)
apartmentbuilding_206,apartment_1165010306,201,서울특별시 서초구 형촌길 15 201동,Point (127.02146305 37.46330013)
apartmentbuilding_207,apartment_1165010306,202,서울특별시 서초구 형촌길 15 202동,Point (127.02137658 37.46301126)
apartmentbuilding_208,apartment_1165010306,203,서울특별시 서초구 형촌길 15 203동,Point (127.02132737 37.46272149)
apartmentbuilding_209,apartment_1165010306,204,서울특별시 서초구 형촌길 15 204동,Point (127.02131503 37.46242688)
apartmentbuilding_210,apartment_1165010306,205,서울특별시 서초구 형촌길 15 205동,Point (127.02168692 37.46239283)
apartmentbuilding_211,apartment_1165010306,206,서울특별시 서초구 형촌길 15 206동,Point (127.02188602 37.4626891)
apartmentbuilding_212,apartment_1165010306,207,서울특별시 서초구 형촌길 15 207동,Point (127.02224675 37.46282728)
apartmentbuilding_213,apartment_1165010306,208,서울특별시 서초구 형촌길 15 208동,Point (127.02180725 37.46302997)
apartmentbuilding_214,apartment_1165010307,301,서울특별시 서초구 태봉로2길 60 301동,Point (127.02678602 37.4645509)
apartmentbuilding_215,apartment_1165010307,302,서울특별시 서초구 태봉로2길 60 302동,Point (127.02630736 37.46484781)
apartmentbuilding_216,apartment_1165010307,303,서울특별시 서초구 태봉로2길 60 303동,Point (127.02678388 37.46523192)
apartmentbuilding_217,apartment_1165010307,304,서울특별시 서초구 태봉로2길 60 304동,Point (127.02718005 37.46565168)
apartmentbuilding_218,apartment_1165010307,305,서울특별시 서초구 태봉로2길 60 305동,Point (127.02734262 37.46483426)
apartmentbuilding_219,apartment_1165010307,306,서울특별시 서초구 태봉로2길 60 306동,Point (127.02761002 37.46524854)
apartmentbuilding_220,apartment_1165010307,307,서울특별시 서초구 태봉로2길 60 307동,Point (127.02790571 37.46432857)
apartmentbuilding_221,apartment_1165010307,308,서울특별시 서초구 태봉로2길 60 308동,Point (127.02812305 37.46479383)
apartmentbuilding_222,apartment_1165010307,309,서울특별시 서초구 태봉로2길 60 309동,Point (127.02855238 37.46428229)
apartmentbuilding_223,apartment_1165010307,310,서울특별시 서초구 태봉로2길 60 310동,Point (127.02898657 37.46386171)
apartmentbuilding_224,apartment_1165010307,311,서울특별시 서초구 태봉로2길 60 311동,Point (127.02864273 37.46337527)
apartmentbuilding_225,apartment_1165010307,312,서울특별시 서초구 태봉로2길 60 312동,Point (127.02830616 37.46292079)
apartmentbuilding_226,apartment_1165010307,313,서울특별시 서초구 태봉로2길 60 313동,Point (127.02796499 37.46244913)
apartmentbuilding_227,apartment_1165010307,314,서울특별시 서초구 태봉로2길 60 314동,Point (127.02744282 37.46270088)
apartmentbuilding_228,apartment_1165010307,315,서울특별시 서초구 태봉로2길 60 315동,Point (127.02769516 37.46318022)
apartmentbuilding_229,apartment_1165010307,316,서울특별시 서초구 태봉로2길 60 316동,Point (127.02804607 37.46361663)
apartmentbuilding_230,apartment_1165010307,317,서울특별시 서초구 태봉로2길 60 317동,Point (127.0273367 37.46414884)
apartmentbuilding_231,apartment_1165010308,401,서울특별시 서초구 태봉로2길 65 401동,Point (127.02621447 37.46408587)
apartmentbuilding_232,apartment_1165010308,402,서울특별시 서초구 태봉로2길 65 402동,Point (127.02578845 37.46412809)
apartmentbuilding_233,apartment_1165010308,403,서울특별시 서초구 태봉로2길 65 403동,Point (127.02552047 37.46385762)
apartmentbuilding_234,apartment_1165010308,404,서울특별시 서초구 태봉로2길 65 404동,Point (127.02600298 37.46351931)
apartmentbuilding_235,apartment_1165010308,405,서울특별시 서초구 태봉로2길 65 405동,Point (127.02658785 37.46316247)
apartmentbuilding_236,apartment_1165010308,406,서울특별시 서초구 태봉로2길 65 406동,Point (127.02692739 37.46347063)
apartmentbuilding_237,apartment_1165010308,407,서울특별시 서초구 태봉로2길 65 407동,Point (127.02648623 37.46376398)
apartmentbuilding_238,apartment_1165010309,701,서울특별시 서초구 태봉로2길 10 701동,Point (127.02326817 37.46204479)
apartmentbuilding_239,apartment_1165010309,702,서울특별시 서초구 태봉로2길 10 702동,Point (127.02282823 37.46204243)
apartmentbuilding_240,apartment_1165010309,703,서울특별시 서초구 태봉로2길 10 703동,Point (127.02257178 37.46179582)
apartmentbuilding_241,apartment_1165010309,704,서울특별시 서초구 태봉로2길 10 704동,Point (127.02334466 37.46154839)
apartmentbuilding_242,apartment_1165010309,705,서울특별시 서초구 태봉로2길 10 705동,Point (127.02377011 37.46169079)
apartmentbuilding_243,apartment_1165010310,601,서울특별시 서초구 태봉로2길 30 601동,Point (127.02706892 37.46114716)
apartmentbuilding_244,apartment_1165010310,602,서울특별시 서초구 태봉로2길 30 602동,Point (127.02653742 37.4610963)
apartmentbuilding_245,apartment_1165010310,603,서울특별시 서초구 태봉로2길 30 603동,Point (127.02565029 37.46115214)
apartmentbuilding_246,apartment_1165010310,604,서울특별시 서초구 태봉로2길 30 604동,Point (127.02589578 37.46146286)
apartmentbuilding_247,apartment_1165010310,605,서울특별시 서초구 태봉로2길 30 605동,Point (127.02639049 37.46146271)
apartmentbuilding_248,apartment_1165010310,606,서울특별시 서초구 태봉로2길 30 606동,Point (127.02660635 37.46190269)
apartmentbuilding_249,apartment_1165010310,607,서울특별시 서초구 태봉로2길 30 607동,Point (127.02718879 37.4615708)
apartmentbuilding_250,apartment_1165010311,101,서울특별시 서초구 양재대로2길 109 101동,Point (127.01445151 37.45680144)
apartmentbuilding_251,apartment_1165010311,102,서울특별시 서초구 양재대로2길 109 102동,Point (127.01361285 37.45679409)
apartmentbuilding_252,apartment_1165010311,103,서울특별시 서초구 양재대로2길 109 103동,Point (127.01273668 37.45676412)
apartmentbuilding_253,apartment_1165010311,104,서울특별시 서초구 양재대로2길 109 104동,Point (127.01175103 37.45647142)
apartmentbuilding_254,apartment_1165010311,105,서울특별시 서초구 양재대로2길 109 105동,Point (127.01264948 37.4561102)
apartmentbuilding_255,apartment_1165010311,106,서울특별시 서초구 양재대로2길 109 106동,Point (127.0137864 37.4561174)
apartmentbuilding_256,apartment_1165010312,201,서울특별시 서초구 양재대로2길 90 201동,Point (127.01683067 37.45657392)
apartmentbuilding_257,apartment_1165010312,202,서울특별시 서초구 양재대로2길 90 202동,Point (127.01719185 37.45630686)
apartmentbuilding_258,apartment_1165010312,203,서울특별시 서초구 양재대로2길 90 203동,Point (127.01796359 37.45641545)
apartmentbuilding_259,apartment_1165010312,204,서울특별시 서초구 양재대로2길 90 204동,Point (127.01850397 37.45646336)
apartmentbuilding_260,apartment_1165010312,205,서울특별시 서초구 양재대로2길 90 205동,Point (127.01850907 37.45710658)
apartmentbuilding_261,apartment_1165010312,206,서울특별시 서초구 양재대로2길 90 206동,Point (127.0179141 37.45705401)
apartmentbuilding_262,apartment_1165010312,207,서울특별시 서초구 양재대로2길 90 207동,Point (127.01700524 37.45718468)
apartmentbuilding_263,apartment_1165010312,208,서울특별시 서초구 양재대로2길 90 208동,Point (127.0175709 37.45760594)
apartmentbuilding_264,apartment_1165010312,209,서울특별시 서초구 양재대로2길 90 209동,Point (127.01815632 37.4580692)
apartmentbuilding_265,apartment_1165010312,210,서울특별시 서초구 양재대로2길 90 210동,Point (127.01869092 37.45853309)
apartmentbuilding_266,apartment_1165010312,211,서울특별시 서초구 양재대로2길 90 211동,Point (127.01948943 37.45821901)
apartmentbuilding_267,apartment_1165010312,212,서울특별시 서초구 양재대로2길 90 212동,Point (127.0193572 37.45777637)
apartmentbuilding_268,apartment_1165010313,501,서울특별시 서초구 양재대로2길 11 501동,Point (127.02473102 37.45916711)
apartmentbuilding_269,apartment_1165010313,502,서울특별시 서초구 양재대로2길 11 502동,Point (127.02493913 37.4586232)
apartmentbuilding_270,apartment_1165010313,503,서울특별시 서초구 양재대로2길 11 503동,Point (127.02553505 37.45912989)
apartmentbuilding_271,apartment_1165010314,401,서울특별시 서초구 양재대로2길 33 401동,Point (127.02332503 37.4578978)
apartmentbuilding_272,apartment_1165010314,402,서울특별시 서초구 양재대로2길 33 402동,Point (127.02409061 37.45820982)
apartmentbuilding_273,apartment_1165010314,403,서울특별시 서초구 양재대로2길 33 403동,Point (127.02387906 37.45899826)
apartmentbuilding_274,apartment_1165010314,404,서울특별시 서초구 양재대로2길 33 404동,Point (127.02341881 37.45865378)
apartmentbuilding_275,apartment_1165010602,101,서울특별시 서초구 잠원로8길 35 101동,Point (127.01166186 37.51509881)
apartmentbuilding_276,apartment_1165010602,102,서울특별시 서초구 잠원로8길 35 102동,Point (127.01214375 37.51479299)
apartmentbuilding_277,apartment_1165010602,103,서울특별시 서초구 잠원로8길 35 103동,Point (127.01256354 37.51443571)
apartmentbuilding_278,apartment_1165010602,105,서울특별시 서초구 잠원로8길 35 105동,Point (127.01299633 37.51409759)
apartmentbuilding_279,apartment_1165010602,106,서울특별시 서초구 잠원로8길 35 106동,Point (127.01228801 37.5155015)
apartmentbuilding_280,apartment_1165010602,107,서울특별시 서초구 잠원로8길 35 107동,Point (127.01278602 37.51520886)
apartmentbuilding_281,apartment_1165010602,108,서울특별시 서초구 잠원로8길 35 108동,Point (127.01316911 37.51492145)
apartmentbuilding_282,apartment_1165010603,101,서울특별시 서초구 잠원로 117 101동,Point (127.00605073 37.51355339)
apartmentbuilding_283,apartment_1165010603,102,서울특별시 서초구 잠원로 117 102동,Point (127.00654811 37.51402656)
apartmentbuilding_284,apartment_1165010603,103,서울특별시 서초구 잠원로 117 103동,Point (127.006998 37.51451944)
apartmentbuilding_285,apartment_1165010603,104,서울특별시 서초구 잠원로 117 104동,Point (127.00767834 37.51513147)
apartmentbuilding_286,apartment_1165010603,105,서울특별시 서초구 잠원로 117 105동,Point (127.00813866 37.51559122)
apartmentbuilding_287,apartment_1165010604,101,서울특별시 서초구 잠원로 60 101동,Point (127.00828313 37.51088621)
apartmentbuilding_288,apartment_1165010604,102,서울특별시 서초구 잠원로 60 102동,Point (127.00862613 37.51025183)
apartmentbuilding_289,apartment_1165010604,103,서울특별시 서초구 잠원로 60 103동,Point (127.00890506 37.50961469)
apartmentbuilding_290,apartment_1165010604,104,서울특별시 서초구 잠원로 60 104동,Point (127.00882746 37.50929931)
apartmentbuilding_291,apartment_1165010604,105,서울특별시 서초구 잠원로 60 105동,Point (127.00832637 37.50961724)
apartmentbuilding_292,apartment_1165010604,106,서울특별시 서초구 잠원로 60 106동,Point (127.00806067 37.51017913)
apartmentbuilding_293,apartment_1165010604,107,서울특별시 서초구 잠원로 60 107동,Point (127.0077814 37.51074672)
apartmentbuilding_294,apartment_1165010605,101,서울특별시 서초구 신반포로45길 71 101동,Point (127.01644736 37.51261305)
apartmentbuilding_295,apartment_1165010608,1,서울특별시 서초구 잠원로 213-10 1동,Point (127.01438982 37.52110831)
apartmentbuilding_296,apartment_1165010608,2,서울특별시 서초구 잠원로 213-10 2동,Point (127.01501878 37.5216476)
apartmentbuilding_297,apartment_1165010608,3,서울특별시 서초구 잠원로 213-10 3동,Point (127.01508452 37.52111852)
apartmentbuilding_298,apartment_1165010608,5,서울특별시 서초구 잠원로 213-10 5동,Point (127.01561974 37.52176031)
apartmentbuilding_299,apartment_1165010608,6,서울특별시 서초구 잠원로 213-10 6동,Point (127.01580236 37.52133659)
apartmentbuilding_300,apartment_1165010609,101,서울특별시 서초구 잠원로14길 3 101동,Point (127.01597715 37.52039068)
apartmentbuilding_301,apartment_1165010609,102,서울특별시 서초구 잠원로14길 3 102동,Point (127.01636051 37.52049897)
apartmentbuilding_302,apartment_1165010609,103,서울특별시 서초구 잠원로14길 3 103동,Point (127.01680688 37.52037797)
apartmentbuilding_303,apartment_1165010609,104,서울특별시 서초구 잠원로14길 3 104동,Point (127.01706216 37.52009743)
apartmentbuilding_304,apartment_1165010609,105,서울특별시 서초구 잠원로14길 3 105동,Point (127.01640934 37.51999664)
apartmentbuilding_305,apartment_1165010610,201,서울특별시 서초구 잠원로14길 23 201동,Point (127.01546915 37.51853718)
apartmentbuilding_306,apartment_1165010610,202,서울특별시 서초구 잠원로14길 23 202동,Point (127.0161203 37.51839233)
apartmentbuilding_307,apartment_1165010610,203,서울특별시 서초구 잠원로14길 23 203동,Point (127.01595063 37.51864335)
apartmentbuilding_308,apartment_1165010610,204,서울특별시 서초구 잠원로14길 23 204동,Point (127.01554425 37.51905322)
apartmentbuilding_309,apartment_1165010610,205,서울특별시 서초구 잠원로14길 23 205동,Point (127.01644267 37.5188502)
apartmentbuilding_310,apartment_1165010610,206,서울특별시 서초구 잠원로14길 23 206동,Point (127.01611236 37.51928575)
apartmentbuilding_311,apartment_1165010610,207,서울특별시 서초구 잠원로14길 23 207동,Point (127.01581022 37.51956534)
apartmentbuilding_312,apartment_1165010610,208,서울특별시 서초구 잠원로14길 23 208동,Point (127.01652212 37.51940177)
apartmentbuilding_313,apartment_1165010611,324,서울특별시 서초구 잠원로14길 41 324동,Point (127.01449287 37.5157343)
apartmentbuilding_314,apartment_1165010611,325,서울특별시 서초구 잠원로14길 41 325동,Point (127.01467673 37.51621971)
apartmentbuilding_315,apartment_1165010611,326,서울특별시 서초구 잠원로14길 41 326동,Point (127.01487168 37.51670636)
apartmentbuilding_316,apartment_1165010612,1,서울특별시 서초구 잠원로 202-11 1동,Point (127.01479305 37.51946521)
apartmentbuilding_317,apartment_1165010612,2,서울특별시 서초구 잠원로 202-11 2동,Point (127.01489994 37.51909508)
apartmentbuilding_318,apartment_1165010612,3,서울특별시 서초구 잠원로 202-11 3동,Point (127.01461158 37.51880479)
apartmentbuilding_319,apartment_1165010615,1,서울특별시 서초구 잠원로 166-17 1동,Point (127.01173608 37.51765496)
apartmentbuilding_320,apartment_1165010615,2,서울특별시 서초구 잠원로 166-17 2동,Point (127.01244576 37.51745938)
apartmentbuilding_321,apartment_1165010615,3,서울특별시 서초구 잠원로 166-17 3동,Point (127.01295436 37.5175757)
apartmentbuilding_322,apartment_1165010615,4,서울특별시 서초구 잠원로 166-17 4동,Point (127.0121643 37.51796708)
apartmentbuilding_323,apartment_1165010617,119,서울특별시 서초구 잠원로 157 119동,Point (127.00967824 37.51693448)
apartmentbuilding_324,apartment_1165010617,120,서울특별시 서초구 잠원로 157 120동,Point (127.01055699 37.51779179)
apartmentbuilding_325,apartment_1165010618,351,서울특별시 서초구 잠원로8길 3 351동,Point (127.00977454 37.51579564)
apartmentbuilding_326,apartment_1165010619,1,서울특별시 서초구 잠원로 150 1동,Point (127.01030705 37.51661071)
apartmentbuilding_327,apartment_1165010619,2,서울특별시 서초구 잠원로 150 2동,Point (127.01077534 37.51667519)
apartmentbuilding_328,apartment_1165010619,3,서울특별시 서초구 잠원로 150 3동,Point (127.01069756 37.51621484)
apartmentbuilding_329,apartment_1165010619,4,서울특별시 서초구 잠원로 150 4동,Point (127.01135175 37.51633487)
apartmentbuilding_330,apartment_1165010619,5,서울특별시 서초구 잠원로 150 5동,Point (127.01081444 37.515725)
apartmentbuilding_331,apartment_1165010619,6,서울특별시 서초구 잠원로 150 6동,Point (127.011358 37.51580484)
apartmentbuilding_332,apartment_1165010619,7,서울특별시 서초구 잠원로 150 7동,Point (127.01084442 37.5152835)
apartmentbuilding_333,apartment_1165010620,101,서울특별시 서초구 나루터로 46 101동,Point (127.01410438 37.51444365)
apartmentbuilding_334,apartment_1165010620,102,서울특별시 서초구 나루터로 46 102동,Point (127.0146521 37.51477757)
apartmentbuilding_335,apartment_1165010630,339,서울특별시 서초구 나루터로4길 60 339동,Point (127.01175745 37.5100677)
apartmentbuilding_336,apartment_1165010631,344,서울특별시 서초구 잠원로 136 344동,Point (127.0093875 37.51467283)
apartmentbuilding_337,apartment_1165010631,345,서울특별시 서초구 잠원로 136 345동,Point (127.00938326 37.51530298)
apartmentbuilding_338,apartment_1165010632,330,서울특별시 서초구 잠원로8길 20 330동,Point (127.01041029 37.51404017)
apartmentbuilding_339,apartment_1165010632,331,서울특별시 서초구 잠원로8길 20 331동,Point (127.00992782 37.5143837)
apartmentbuilding_340,apartment_1165010633,101,서울특별시 서초구 신반포로33길 66 101동,Point (127.00857835 37.51389406)
apartmentbuilding_341,apartment_1165010633,102,서울특별시 서초구 신반포로33길 66 102동,Point (127.00813492 37.51440766)
apartmentbuilding_342,apartment_1165010634,1,서울특별시 서초구 신반포로33길 64 1동,Point (127.00936899 37.51344416)
apartmentbuilding_343,apartment_1165010634,2,서울특별시 서초구 신반포로33길 64 2동,Point (127.00897721 37.51356623)
apartmentbuilding_344,apartment_1165010635,301,서울특별시 서초구 잠원로 88 301동,Point (127.0086661 37.51197304)
apartmentbuilding_345,apartment_1165010635,302,서울특별시 서초구 잠원로 88 302동,Point (127.00822916 37.51225076)
apartmentbuilding_346,apartment_1165010635,303,서울특별시 서초구 잠원로 88 303동,Point (127.00809394 37.51269289)
apartmentbuilding_347,apartment_1165010638,201,서울특별시 서초구 잠원로 37-48 201동,Point (127.0045014 37.50698802)
apartmentbuilding_348,apartment_1165010638,202,서울특별시 서초구 잠원로 37-48 202동,Point (127.0054201 37.50712817)
apartmentbuilding_349,apartment_1165010638,203,서울특별시 서초구 잠원로 37-48 203동,Point (127.00642746 37.50743358)
apartmentbuilding_350,apartment_1165010638,204,서울특별시 서초구 잠원로 37-48 204동,Point (127.00724373 37.50782955)
apartmentbuilding_351,apartment_1165010638,205,서울특별시 서초구 잠원로 37-48 205동,Point (127.00698136 37.5086855)
apartmentbuilding_352,apartment_1165010638,206,서울특별시 서초구 잠원로 37-48 206동,Point (127.00615775 37.50809431)
apartmentbuilding_353,apartment_1165010638,207,서울특별시 서초구 잠원로 37-48 207동,Point (127.00524333 37.50781886)
apartmentbuilding_354,apartment_1165010638,208,서울특별시 서초구 잠원로 37-48 208동,Point (127.00433747 37.50785568)
apartmentbuilding_355,apartment_1165010638,209,서울특별시 서초구 잠원로 37-48 209동,Point (127.00504145 37.50868633)
apartmentbuilding_356,apartment_1165010638,210,서울특별시 서초구 잠원로 37-48 210동,Point (127.00624453 37.50904476)
apartmentbuilding_357,apartment_1165010638,211,서울특별시 서초구 잠원로 37-48 211동,Point (127.00619471 37.50962669)
apartmentbuilding_358,apartment_1165010638,212,서울특별시 서초구 잠원로 37-48 212동,Point (127.00617759 37.51007453)
apartmentbuilding_359,apartment_1165010639,101,서울 서초구 잠원동 71-2 101동,Point (127.00617055 37.51178778)
apartmentbuilding_360,apartment_1165010640,101,서울특별시 서초구 잠원로3길 8 101동,Point (127.00583686 37.51054584)
apartmentbuilding_361,apartment_1165010640,102,서울특별시 서초구 잠원로3길 8 102동,Point (127.00615445 37.51119262)
apartmentbuilding_362,apartment_1165010641,101,서울특별시 서초구 잠원로3길 6 101동,Point (127.00650189 37.51078357)
apartmentbuilding_363,apartment_1165010642,B,서울특별시 서초구 잠원로3길 20 B동,Point (127.00477244 37.5101756)
apartmentbuilding_364,apartment_1165010643,101,서울특별시 서초구 신반포로23길 41 101동,Point (127.00006088 37.50966635)
apartmentbuilding_365,apartment_1165010643,102,서울특별시 서초구 신반포로23길 41 102동,Point (127.00027243 37.50923294)
apartmentbuilding_366,apartment_1165010643,103,서울특별시 서초구 신반포로23길 41 103동,Point (127.00046322 37.50879393)
apartmentbuilding_367,apartment_1165010643,104,서울특별시 서초구 신반포로23길 41 104동,Point (127.00048393 37.50830693)
apartmentbuilding_368,apartment_1165010643,105,서울특별시 서초구 신반포로23길 41 105동,Point (127.00149002 37.51033237)
apartmentbuilding_369,apartment_1165010643,106,서울특별시 서초구 신반포로23길 41 106동,Point (127.00166796 37.50990403)
apartmentbuilding_370,apartment_1165010643,107,서울특별시 서초구 신반포로23길 41 107동,Point (127.00206573 37.50953615)
apartmentbuilding_371,apartment_1165010643,108,서울특별시 서초구 신반포로23길 41 108동,Point (127.00320127 37.51043885)
apartmentbuilding_372,apartment_1165010643,109,서울특별시 서초구 신반포로23길 41 109동,Point (127.00333646 37.5112373)
apartmentbuilding_373,apartment_1165010643,110,서울특별시 서초구 신반포로23길 41 110동,Point (127.00407054 37.51193278)
apartmentbuilding_374,apartment_1165010643,111,서울특별시 서초구 신반포로23길 41 111동,Point (127.00447233 37.51166094)
apartmentbuilding_375,apartment_1165010643,112,서울특별시 서초구 신반포로23길 41 112동,Point (127.00491531 37.51276374)
apartmentbuilding_376,apartment_1165010643,113,서울특별시 서초구 신반포로23길 41 113동,Point (127.00532192 37.51249281)
apartmentbuilding_377,apartment_1165010646,101,서울특별시 서초구 신반포로33길 15 101동,Point (127.00952268 37.50904376)
apartmentbuilding_378,apartment_1165010646,102,서울특별시 서초구 신반포로33길 15 102동,Point (127.01047929 37.50937479)
apartmentbuilding_379,apartment_1165010646,103,서울특별시 서초구 신반포로33길 15 103동,Point (127.01081191 37.50884859)
apartmentbuilding_380,apartment_1165010646,104,서울특별시 서초구 신반포로33길 15 104동,Point (127.01018834 37.50888353)
apartmentbuilding_381,apartment_1165010646,105,서울특별시 서초구 신반포로33길 15 105동,Point (127.00976539 37.5085209)
apartmentbuilding_382,apartment_1165010646,106,서울특별시 서초구 신반포로33길 15 106동,Point (127.00970858 37.50798789)
apartmentbuilding_383,apartment_1165010646,107,서울특별시 서초구 신반포로33길 15 107동,Point (127.01029019 37.508083)
apartmentbuilding_384,apartment_1165010646,108,서울특별시 서초구 신반포로33길 15 108동,Point (127.01085147 37.50827224)
apartmentbuilding_385,apartment_1165010647,101,서울특별시 서초구 잠원로14길 32 101동,Point (127.01414011 37.51793486)
apartmentbuilding_386,apartment_1165010647,102,서울특별시 서초구 잠원로14길 32 102동,Point (127.01440564 37.51831252)
apartmentbuilding_387,apartment_1165010647,103,서울특별시 서초구 잠원로14길 32 103동,Point (127.01348098 37.51823516)
apartmentbuilding_388,apartment_1165010647,104,서울특별시 서초구 잠원로14길 32 104동,Point (127.01385914 37.5186864)
apartmentbuilding_389,apartment_1165010647,105,서울특별시 서초구 잠원로14길 32 105동,Point (127.01330313 37.51897855)
apartmentbuilding_390,apartment_1165010647,106,서울특별시 서초구 잠원로14길 32 106동,Point (127.01383204 37.51933056)
apartmentbuilding_391,apartment_1165010648,101,서울특별시 서초구 반포대로 310-6 101동,Point (127.00219299 37.50645743)
apartmentbuilding_392,apartment_1165010648,102,서울특별시 서초구 반포대로 310-6 102동,Point (127.00171814 37.50625934)
apartmentbuilding_393,apartment_1165010648,103,서울특별시 서초구 반포대로 310-6 103동,Point (127.00195233 37.50701106)
apartmentbuilding_394,apartment_1165010648,104,서울특별시 서초구 반포대로 310-6 104동,Point (127.00147439 37.50683005)
apartmentbuilding_395,apartment_1165010648,105,서울특별시 서초구 반포대로 310-6 105동,Point (127.00167194 37.50758109)
apartmentbuilding_396,apartment_1165010648,106,서울특별시 서초구 반포대로 310-6 106동,Point (127.0011621 37.50739355)
apartmentbuilding_397,apartment_1165010648,107,서울특별시 서초구 반포대로 310-6 107동,Point (127.00142903 37.50811239)
apartmentbuilding_398,apartment_1165010701,101,서울특별시 서초구 신반포로15길 4 101동,Point (126.9955061 37.50359056)
apartmentbuilding_399,apartment_1165010701,102,서울특별시 서초구 신반포로15길 4 102동,Point (126.99658522 37.50389824)
apartmentbuilding_400,apartment_1165010701,103,서울특별시 서초구 신반포로15길 4 103동,Point (126.99745428 37.50414475)
apartmentbuilding_401,apartment_1165010706,101,서울특별시 서초구 서초중앙로 220 101동,Point (127.01256085 37.50090919)
apartmentbuilding_402,apartment_1165010706,102,서울특별시 서초구 서초중앙로 220 102동,Point (127.01305945 37.50112659)
apartmentbuilding_403,apartment_1165010706,103,서울특별시 서초구 서초중앙로 220 103동,Point (127.01358062 37.50144071)
apartmentbuilding_404,apartment_1165010706,105,서울특별시 서초구 서초중앙로 220 105동,Point (127.01396468 37.50171239)
apartmentbuilding_405,apartment_1165010706,106,서울특별시 서초구 서초중앙로 220 106동,Point (127.0144106 37.50193709)
apartmentbuilding_406,apartment_1165010706,107,서울특별시 서초구 서초중앙로 220 107동,Point (127.01372386 37.50223169)
apartmentbuilding_407,apartment_1165010706,108,서울특별시 서초구 서초중앙로 220 108동,Point (127.01331323 37.50208836)
apartmentbuilding_408,apartment_1165010706,109,서울특별시 서초구 서초중앙로 220 109동,Point (127.0129571 37.50176458)
apartmentbuilding_409,apartment_1165010706,110,서울특별시 서초구 서초중앙로 220 110동,Point (127.01247135 37.50151065)
apartmentbuilding_410,apartment_1165010706,111,서울특별시 서초구 서초중앙로 220 111동,Point (127.01262691 37.50206429)
apartmentbuilding_411,apartment_1165010706,112,서울특별시 서초구 서초중앙로 220 112동,Point (127.01301122 37.50235126)
apartmentbuilding_412,apartment_1165010707,101,서울특별시 서초구 신반포로16길 15-20 101동,Point (126.99633714 37.50162281)
apartmentbuilding_413,apartment_1165010707,102,서울특별시 서초구 신반포로16길 15-20 102동,Point (126.99661919 37.50110042)
apartmentbuilding_414,apartment_1165010707,103,서울특별시 서초구 신반포로16길 15-20 103동,Point (126.99686056 37.50058243)
apartmentbuilding_415,apartment_1165010707,104,서울특별시 서초구 신반포로16길 15-20 104동,Point (126.99736853 37.50060353)
apartmentbuilding_416,apartment_1165010707,105,서울특별시 서초구 신반포로16길 15-20 105동,Point (126.99682388 37.50163786)
apartmentbuilding_417,apartment_1165010709,101,서울특별시 서초구 반포대로 275 101동,Point (126.99596691 37.50238985)
apartmentbuilding_418,apartment_1165010709,102,서울특별시 서초구 반포대로 275 102동,Point (126.99644595 37.50253589)
apartmentbuilding_419,apartment_1165010709,103,서울특별시 서초구 반포대로 275 103동,Point (126.9964118 37.50311686)
apartmentbuilding_420,apartment_1165010709,104,서울특별시 서초구 반포대로 275 104동,Point (126.99708104 37.50325543)
apartmentbuilding_421,apartment_1165010709,105,서울특별시 서초구 반포대로 275 105동,Point (126.99764832 37.50341838)
apartmentbuilding_422,apartment_1165010709,106,서울특별시 서초구 반포대로 275 106동,Point (126.99812877 37.50355822)
apartmentbuilding_423,apartment_1165010709,107,서울특별시 서초구 반포대로 275 107동,Point (126.99866643 37.50373701)
apartmentbuilding_424,apartment_1165010709,108,서울특별시 서초구 반포대로 275 108동,Point (126.99919082 37.50387688)
apartmentbuilding_425,apartment_1165010709,109,서울특별시 서초구 반포대로 275 109동,Point (126.99976114 37.50404358)
apartmentbuilding_426,apartment_1165010709,110,서울특별시 서초구 반포대로 275 110동,Point (126.99712793 37.50262051)
apartmentbuilding_427,apartment_1165010709,111,서울특별시 서초구 반포대로 275 111동,Point (126.99764006 37.5027036)
apartmentbuilding_428,apartment_1165010709,112,서울특별시 서초구 반포대로 275 112동,Point (126.99816271 37.50287323)
apartmentbuilding_429,apartment_1165010709,113,서울특별시 서초구 반포대로 275 113동,Point (126.99913221 37.50311548)
apartmentbuilding_430,apartment_1165010709,114,서울특별시 서초구 반포대로 275 114동,Point (126.99997876 37.50338579)
apartmentbuilding_431,apartment_1165010709,115,서울특별시 서초구 반포대로 275 115동,Point (127.00055345 37.50355521)
apartmentbuilding_432,apartment_1165010709,116,서울특별시 서초구 반포대로 275 116동,Point (127.00149203 37.50352908)
apartmentbuilding_433,apartment_1165010709,117,서울특별시 서초구 반포대로 275 117동,Point (126.99931199 37.50248727)
apartmentbuilding_434,apartment_1165010709,118,서울특별시 서초구 반포대로 275 118동,Point (127.000093 37.50271238)
apartmentbuilding_435,apartment_1165010709,119,서울특별시 서초구 반포대로 275 119동,Point (127.00088037 37.50294432)
apartmentbuilding_436,apartment_1165010709,120,서울특별시 서초구 반포대로 275 120동,Point (127.00176459 37.50315512)
apartmentbuilding_437,apartment_1165010709,121,서울특별시 서초구 반포대로 275 121동,Point (126.99954732 37.50172213)
apartmentbuilding_438,apartment_1165010709,122,서울특별시 서초구 반포대로 275 122동,Point (127.00036708 37.50202266)
apartmentbuilding_439,apartment_1165010709,123,서울특별시 서초구 반포대로 275 123동,Point (127.00115132 37.502317)
apartmentbuilding_440,apartment_1165010709,124,서울특별시 서초구 반포대로 275 124동,Point (127.00201079 37.50264504)
apartmentbuilding_441,apartment_1165010709,125,서울특별시 서초구 반포대로 275 125동,Point (126.99481003 37.50263721)
apartmentbuilding_442,apartment_1165010709,126,서울특별시 서초구 반포대로 275 126동,Point (126.99440721 37.50259749)
apartmentbuilding_443,apartment_1165010709,127,서울특별시 서초구 반포대로 275 127동,Point (126.99472157 37.50195446)
apartmentbuilding_444,apartment_1165010709,128,서울특별시 서초구 반포대로 275 128동,Point (126.99514273 37.50202623)
apartmentbuilding_445,apartment_1165010710,101,서울특별시 서초구 신반포로 270 101동,Point (127.01035361 37.50668429)
apartmentbuilding_446,apartment_1165010710,102,서울특별시 서초구 신반포로 270 102동,Point (127.01078759 37.50747053)
apartmentbuilding_447,apartment_1165010710,103,서울특별시 서초구 신반포로 270 103동,Point (127.01082305 37.50693014)
apartmentbuilding_448,apartment_1165010710,104,서울특별시 서초구 신반포로 270 104동,Point (127.01145186 37.50764255)
apartmentbuilding_449,apartment_1165010710,105,서울특별시 서초구 신반포로 270 105동,Point (127.01159004 37.5069843)
apartmentbuilding_450,apartment_1165010710,106,서울특별시 서초구 신반포로 270 106동,Point (127.01174068 37.50663318)
apartmentbuilding_451,apartment_1165010710,107,서울특별시 서초구 신반포로 270 107동,Point (127.01068864 37.5062773)
apartmentbuilding_452,apartment_1165010710,108,서울특별시 서초구 신반포로 270 108동,Point (127.01098119 37.50594632)
apartmentbuilding_453,apartment_1165010710,109,서울특별시 서초구 신반포로 270 109동,Point (127.01147507 37.50582706)
apartmentbuilding_454,apartment_1165010710,110,서울특별시 서초구 신반포로 270 110동,Point (127.01168016 37.5061248)
apartmentbuilding_455,apartment_1165010710,111,서울특별시 서초구 신반포로 270 111동,Point (127.01240368 37.50713342)
apartmentbuilding_456,apartment_1165010710,112,서울특별시 서초구 신반포로 270 112동,Point (127.01314602 37.50735244)
apartmentbuilding_457,apartment_1165010710,113,서울특별시 서초구 신반포로 270 113동,Point (127.01213618 37.50780049)
apartmentbuilding_458,apartment_1165010710,114,서울특별시 서초구 신반포로 270 114동,Point (127.01283093 37.50802021)
apartmentbuilding_459,apartment_1165010710,115,서울특별시 서초구 신반포로 270 115동,Point (127.01364466 37.50825511)
apartmentbuilding_460,apartment_1165010710,116,서울특별시 서초구 신반포로 270 116동,Point (127.01446129 37.50849557)
apartmentbuilding_461,apartment_1165010710,117,서울특별시 서초구 신반포로 270 117동,Point (127.01538304 37.50880937)
apartmentbuilding_462,apartment_1165010710,118,서울특별시 서초구 신반포로 270 118동,Point (127.0155629 37.50837122)
apartmentbuilding_463,apartment_1165010710,119,서울특별시 서초구 신반포로 270 119동,Point (127.0147644 37.50804974)
apartmentbuilding_464,apartment_1165010710,120,서울특별시 서초구 신반포로 270 120동,Point (127.01391658 37.50771831)
apartmentbuilding_465,apartment_1165010710,121,서울특별시 서초구 신반포로 270 121동,Point (127.01411371 37.50733222)
apartmentbuilding_466,apartment_1165010710,122,서울특별시 서초구 신반포로 270 122동,Point (127.01496521 37.50740492)
apartmentbuilding_467,apartment_1165010710,123,서울특별시 서초구 신반포로 270 123동,Point (127.01572775 37.50800868)
apartmentbuilding_468,apartment_1165010710,124,서울특별시 서초구 신반포로 270 124동,Point (127.01587188 37.50767917)
apartmentbuilding_469,apartment_1165010710,125,서울특별시 서초구 신반포로 270 125동,Point (127.01601033 37.50732673)
apartmentbuilding_470,apartment_1165010710,126,서울특별시 서초구 신반포로 270 126동,Point (127.01514406 37.50701001)
apartmentbuilding_471,apartment_1165010710,127,서울특별시 서초구 신반포로 270 127동,Point (127.01533178 37.50651591)
apartmentbuilding_472,apartment_1165010710,128,서울특별시 서초구 신반포로 270 128동,Point (127.01551762 37.50609515)
apartmentbuilding_473,apartment_1165010710,129,서울특별시 서초구 신반포로 270 129동,Point (127.0156622 37.50560577)
apartmentbuilding_474,apartment_1165010710,130,서울특별시 서초구 신반포로 270 130동,Point (127.01617349 37.50685598)
apartmentbuilding_475,apartment_1165010710,131,서울특별시 서초구 신반포로 270 131동,Point (127.01628234 37.50650087)
apartmentbuilding_476,apartment_1165010710,132,서울특별시 서초구 신반포로 270 132동,Point (127.01643896 37.50609173)
apartmentbuilding_477,apartment_1165010710,133,서울특별시 서초구 신반포로 270 133동,Point (127.01662236 37.50562089)
apartmentbuilding_478,apartment_1165010710,134,서울특별시 서초구 신반포로 270 134동,Point (127.01673997 37.50523885)
apartmentbuilding_479,apartment_1165010710,135,서울특별시 서초구 신반포로 270 135동,Point (127.01694223 37.50484393)
apartmentbuilding_480,apartment_1165010710,136,서울특별시 서초구 신반포로 270 136동,Point (127.01604161 37.50521643)
apartmentbuilding_481,apartment_1165010710,137,서울특별시 서초구 신반포로 270 137동,Point (127.01565586 37.50510269)
apartmentbuilding_482,apartment_1165010710,138,서울특별시 서초구 신반포로 270 138동,Point (127.0153739 37.50474357)
apartmentbuilding_483,apartment_1165010710,139,서울특별시 서초구 신반포로 270 139동,Point (127.01578553 37.50452716)
apartmentbuilding_484,apartment_1165010710,140,서울특별시 서초구 신반포로 270 140동,Point (127.01620501 37.50439853)
apartmentbuilding_485,apartment_1165010710,141,서울특별시 서초구 신반포로 270 141동,Point (127.01643985 37.5047466)
apartmentbuilding_486,apartment_1165010710,142,서울특별시 서초구 신반포로 270 142동,Point (127.01661484 37.50416798)
apartmentbuilding_487,apartment_1165010710,143,서울특별시 서초구 신반포로 270 143동,Point (127.01699169 37.50407845)
apartmentbuilding_488,apartment_1165010710,144,서울특별시 서초구 신반포로 270 144동,Point (127.0171924 37.50435202)
apartmentbuilding_489,apartment_1165010711,100,서울특별시 서초구 신반포로15길 19 100동,Point (126.99314789 37.50489617)
apartmentbuilding_490,apartment_1165010711,101,서울특별시 서초구 신반포로15길 19 101동,Point (126.99323669 37.50548936)
apartmentbuilding_491,apartment_1165010711,102,서울특별시 서초구 신반포로15길 19 102동,Point (126.99242147 37.50513347)
apartmentbuilding_492,apartment_1165010711,103,서울특별시 서초구 신반포로15길 19 103동,Point (126.99257922 37.50563089)
apartmentbuilding_493,apartment_1165010711,104,서울특별시 서초구 신반포로15길 19 104동,Point (126.99267454 37.50625079)
apartmentbuilding_494,apartment_1165010711,105,서울특별시 서초구 신반포로15길 19 105동,Point (126.99324863 37.50663467)
apartmentbuilding_495,apartment_1165010711,106,서울특별시 서초구 신반포로15길 19 106동,Point (126.99398491 37.50682711)
apartmentbuilding_496,apartment_1165010711,107,서울특별시 서초구 신반포로15길 19 107동,Point (126.99445027 37.50601048)
apartmentbuilding_497,apartment_1165010711,108,서울특별시 서초구 신반포로15길 19 108동,Point (126.99377671 37.50578566)
apartmentbuilding_498,apartment_1165010711,109,서울특별시 서초구 신반포로15길 19 109동,Point (126.99388623 37.50625557)
apartmentbuilding_499,apartment_1165010711,110,서울특별시 서초구 신반포로15길 19 110동,Point (126.99447192 37.50717012)
apartmentbuilding_500,apartment_1165010711,111,서울특별시 서초구 신반포로15길 19 111동,Point (126.99519941 37.50739191)
apartmentbuilding_501,apartment_1165010711,112,서울특별시 서초구 신반포로15길 19 112동,Point (126.9956833 37.50656514)
apartmentbuilding_502,apartment_1165010711,113,서울특별시 서초구 신반포로15길 19 113동,Point (126.9950001 37.50631742)
apartmentbuilding_503,apartment_1165010711,114,서울특별시 서초구 신반포로15길 19 114동,Point (126.99510001 37.50679024)
apartmentbuilding_504,apartment_1165010712,501,서울특별시 서초구 서초중앙로 242 501동,Point (127.01124787 37.50435572)
apartmentbuilding_505,apartment_1165010712,502,서울특별시 서초구 서초중앙로 242 502동,Point (127.01144649 37.50398017)
apartmentbuilding_506,apartment_1165010712,503,서울특별시 서초구 서초중앙로 242 503동,Point (127.01164861 37.50360371)
apartmentbuilding_507,apartment_1165010713,101,서울특별시 서초구 고무래로 89 101동,Point (127.01769814 37.50130994)
apartmentbuilding_508,apartment_1165010713,102,서울특별시 서초구 고무래로 89 102동,Point (127.01849905 37.50095224)
apartmentbuilding_509,apartment_1165010713,103,서울특별시 서초구 고무래로 89 103동,Point (127.01826233 37.50160146)
apartmentbuilding_510,apartment_1165010713,104,서울특별시 서초구 고무래로 89 104동,Point (127.01789301 37.50204569)
apartmentbuilding_511,apartment_1165010713,105,서울특별시 서초구 고무래로 89 105동,Point (127.01749711 37.50245051)
apartmentbuilding_512,apartment_1165010713,106,서울특별시 서초구 고무래로 89 106동,Point (127.01703772 37.50278564)
apartmentbuilding_513,apartment_1165010713,107,서울특별시 서초구 고무래로 89 107동,Point (127.01606847 37.50294579)
apartmentbuilding_514,apartment_1165010713,108,서울특별시 서초구 고무래로 89 108동,Point (127.01570981 37.50314139)
apartmentbuilding_515,apartment_1165010714,101,서울특별시 서초구 고무래로 35 101동,Point (127.01288498 37.50331651)
apartmentbuilding_516,apartment_1165010714,102,서울특별시 서초구 고무래로 35 102동,Point (127.01340398 37.50325266)
apartmentbuilding_517,apartment_1165010714,103,서울특별시 서초구 고무래로 35 103동,Point (127.01387739 37.50313609)
apartmentbuilding_518,apartment_1165010714,104,서울특별시 서초구 고무래로 35 104동,Point (127.01290609 37.50399113)
apartmentbuilding_519,apartment_1165010714,105,서울특별시 서초구 고무래로 35 105동,Point (127.01424363 37.50371891)
apartmentbuilding_520,apartment_1165010714,106,서울특별시 서초구 고무래로 35 106동,Point (127.01245507 37.50446656)
apartmentbuilding_521,apartment_1165010714,107,서울특별시 서초구 고무래로 35 107동,Point (127.01327988 37.50437304)
apartmentbuilding_522,apartment_1165010714,108,서울특별시 서초구 고무래로 35 108동,Point (127.01418465 37.50421013)
apartmentbuilding_523,apartment_1165010714,109,서울특별시 서초구 고무래로 35 109동,Point (127.01483933 37.50391162)
apartmentbuilding_524,apartment_1165010717,301,서울특별시 서초구 서초중앙로29길 28 301동,Point (127.00890886 37.49916842)
apartmentbuilding_525,apartment_1165010717,302,서울특별시 서초구 서초중앙로29길 28 302동,Point (127.00870321 37.49997873)
apartmentbuilding_526,apartment_1165010717,303,서울특별시 서초구 서초중앙로29길 28 303동,Point (127.00803107 37.50065722)
apartmentbuilding_527,apartment_1165010717,305,서울특별시 서초구 서초중앙로29길 28 305동,Point (127.00823282 37.50166312)
apartmentbuilding_528,apartment_1165010717,306,서울특별시 서초구 서초중앙로29길 28 306동,Point (127.00886115 37.50100084)
apartmentbuilding_529,apartment_1165010717,307,서울특별시 서초구 서초중앙로29길 28 307동,Point (127.00948216 37.50190843)
apartmentbuilding_530,apartment_1165010717,308,서울특별시 서초구 서초중앙로29길 28 308동,Point (127.00929657 37.50264494)
apartmentbuilding_531,apartment_1165010717,309,서울특별시 서초구 서초중앙로29길 28 309동,Point (127.00852796 37.50306514)
apartmentbuilding_532,apartment_1165010718,501,서울특별시 서초구 사평대로 240 501동,Point (127.00731842 37.50288773)
apartmentbuilding_533,apartment_1165010718,502,서울특별시 서초구 사평대로 240 502동,Point (127.0077833 37.50266404)
apartmentbuilding_534,apartment_1165010718,503,서울특별시 서초구 사평대로 240 503동,Point (127.00746874 37.50188552)
apartmentbuilding_535,apartment_1165010719,101,서울특별시 서초구 사평대로 154 101동,Point (127.00207664 37.50042254)
apartmentbuilding_536,apartment_1165010720,1,서울특별시 서초구 사평대로 142 1동,Point (127.00048103 37.50048908)
apartmentbuilding_537,apartment_1165010720,2,서울특별시 서초구 사평대로 142 2동,Point (127.00089056 37.50006903)
apartmentbuilding_538,apartment_1165010721,1,서울특별시 서초구 사평대로28길 31 1동,Point (127.0004419 37.49957079)
apartmentbuilding_539,apartment_1165010721,2,서울특별시 서초구 사평대로28길 31 2동,Point (127.00120544 37.49941638)
apartmentbuilding_540,apartment_1165010721,3,서울특별시 서초구 사평대로28길 31 3동,Point (127.00100304 37.49897878)
apartmentbuilding_541,apartment_1165010721,4,서울특별시 서초구 사평대로28길 31 4동,Point (127.00109462 37.49858994)
apartmentbuilding_542,apartment_1165010724,101,서울특별시 서초구 사평대로 310-4 101동,Point (127.01596099 37.50345902)
apartmentbuilding_543,apartment_1165010724,102,서울특별시 서초구 사평대로 310-4 102동,Point (127.01642828 37.50331856)
apartmentbuilding_544,apartment_1165010725,101,서울특별시 서초구 서초중앙로 206 101동,Point (127.01269891 37.49976361)
apartmentbuilding_545,apartment_1165010725,102,서울특별시 서초구 서초중앙로 206 102동,Point (127.01305858 37.50010354)
apartmentbuilding_546,apartment_1165010725,103,서울특별시 서초구 서초중앙로 206 103동,Point (127.01360887 37.50039263)
apartmentbuilding_547,apartment_1165010725,104,서울특별시 서초구 서초중앙로 206 104동,Point (127.01405504 37.50074679)
apartmentbuilding_548,apartment_1165010725,105,서울특별시 서초구 서초중앙로 206 105동,Point (127.01464721 37.50118897)
apartmentbuilding_549,apartment_1165010725,106,서울특별시 서초구 서초중앙로 206 106동,Point (127.01512535 37.50156889)
apartmentbuilding_550,apartment_1165010801,101,서울특별시 서초구 서운로 221 101동,Point (127.0198702 37.50209845)
apartmentbuilding_551,apartment_1165010801,102,서울특별시 서초구 서운로 221 102동,Point (127.02049692 37.50225709)
apartmentbuilding_552,apartment_1165010801,103,서울특별시 서초구 서운로 221 103동,Point (127.02108456 37.50245766)
apartmentbuilding_553,apartment_1165010802,101,서울특별시 서초구 서운로 201 101동,Point (127.02119205 37.50158902)
apartmentbuilding_554,apartment_1165010802,102,서울특별시 서초구 서운로 201 102동,Point (127.02074687 37.50142208)
apartmentbuilding_555,apartment_1165010802,103,서울특별시 서초구 서운로 201 103동,Point (127.02112933 37.50099522)
apartmentbuilding_556,apartment_1165010802,104,서울특별시 서초구 서운로 201 104동,Point (127.02033968 37.50080033)
apartmentbuilding_557,apartment_1165010802,105,서울특별시 서초구 서운로 201 105동,Point (127.0201246 37.50132509)
apartmentbuilding_558,apartment_1165010803,101,서울특별시 서초구 서운로 197 101동,Point (127.02058029 37.500097)
apartmentbuilding_559,apartment_1165010803,102,서울특별시 서초구 서운로 197 102동,Point (127.02082073 37.49948309)
apartmentbuilding_560,apartment_1165010803,103,서울특별시 서초구 서운로 197 103동,Point (127.02126789 37.49942923)
apartmentbuilding_561,apartment_1165010803,104,서울특별시 서초구 서운로 197 104동,Point (127.02164205 37.4997403)
apartmentbuilding_562,apartment_1165010803,105,서울특별시 서초구 서운로 197 105동,Point (127.021043 37.49990838)
apartmentbuilding_563,apartment_1165010803,106,서울특별시 서초구 서운로 197 106동,Point (127.02136522 37.50033175)
apartmentbuilding_564,apartment_1165010803,107,서울특별시 서초구 서운로 197 107동,Point (127.0220874 37.50056235)
apartmentbuilding_565,apartment_1165010803,108,서울특별시 서초구 서운로 197 108동,Point (127.02192367 37.50018545)
apartmentbuilding_566,apartment_1165010803,109,서울특별시 서초구 서운로 197 109동,Point (127.02237648 37.49997284)
apartmentbuilding_567,apartment_1165010803,110,서울특별시 서초구 서운로 197 110동,Point (127.02216112 37.49970689)
apartmentbuilding_568,apartment_1165010804,1,서울특별시 서초구 서초대로 385 1동,Point (127.02288245 37.49683535)
apartmentbuilding_569,apartment_1165010804,2,서울특별시 서초구 서초대로 385 2동,Point (127.02205781 37.4965813)
apartmentbuilding_570,apartment_1165010804,3,서울특별시 서초구 서초대로 385 3동,Point (127.02183682 37.497183)
apartmentbuilding_571,apartment_1165010804,5,서울특별시 서초구 서초대로 385 5동,Point (127.02255374 37.49740309)
apartmentbuilding_572,apartment_1165010804,6,서울특별시 서초구 서초대로 385 6동,Point (127.02334537 37.49764275)
apartmentbuilding_573,apartment_1165010804,7,서울특별시 서초구 서초대로 385 7동,Point (127.02297368 37.49814653)
apartmentbuilding_574,apartment_1165010804,8,서울특별시 서초구 서초대로 385 8동,Point (127.02207131 37.49786923)
apartmentbuilding_575,apartment_1165010808,501,서울특별시 서초구 서초대로74길 30 501동,Point (127.02665022 37.49489073)
apartmentbuilding_576,apartment_1165010808,502,서울특별시 서초구 서초대로74길 30 502동,Point (127.02692136 37.49431967)
apartmentbuilding_577,apartment_1165010810,101,서울특별시 서초구 서운로 107 101동,Point (127.0254549 37.49300849)
apartmentbuilding_578,apartment_1165010810,102,서울특별시 서초구 서운로 107 102동,Point (127.02467136 37.49291079)
apartmentbuilding_579,apartment_1165010810,103,서울특별시 서초구 서운로 107 103동,Point (127.02488354 37.49250967)
apartmentbuilding_580,apartment_1165010810,104,서울특별시 서초구 서운로 107 104동,Point (127.0256013 37.49262443)
apartmentbuilding_581,apartment_1165010811,1,서울특별시 서초구 사임당로 137 1동,Point (127.0237758 37.49267948)
apartmentbuilding_582,apartment_1165010811,2,서울특별시 서초구 사임당로 137 2동,Point (127.02378375 37.49208059)
apartmentbuilding_583,apartment_1165010811,3,서울특별시 서초구 사임당로 137 3동,Point (127.02422618 37.49162485)
apartmentbuilding_584,apartment_1165010812,5,서울특별시 서초구 사임당로 130 5동,Point (127.0241989 37.49098657)
apartmentbuilding_585,apartment_1165010812,6,서울특별시 서초구 사임당로 130 6동,Point (127.02438199 37.49051807)
apartmentbuilding_586,apartment_1165010812,7,서울특별시 서초구 사임당로 130 7동,Point (127.02492163 37.49015189)
apartmentbuilding_587,apartment_1165010812,8,서울특별시 서초구 사임당로 130 8동,Point (127.02616444 37.49043219)
apartmentbuilding_588,apartment_1165010819,A,서울특별시 서초구 효령로72길 57 A,Point (127.02848148 37.48701069)
apartmentbuilding_589,apartment_1165010819,B,서울특별시 서초구 효령로72길 57 B,Point (127.02790168 37.48686762)
apartmentbuilding_590,apartment_1165010819,C,서울특별시 서초구 효령로72길 57 C,Point (127.02880382 37.48656624)
apartmentbuilding_591,apartment_1165010821,101,서울특별시 서초구 효령로74길 57 101동,Point (127.02645514 37.48533077)
apartmentbuilding_592,apartment_1165010822,101,서울특별시 서초구 서운로6길 15-20 101동,Point (127.03036428 37.48672746)
apartmentbuilding_593,apartment_1165010824,101,서울특별시 서초구 효령로68길 33 101동,Point (127.02301282 37.48571053)
apartmentbuilding_594,apartment_1165010824,102,서울특별시 서초구 효령로68길 33 102동,Point (127.02348017 37.48527028)
apartmentbuilding_595,apartment_1165010825,101,서울특별시 서초구 효령로68길 81 101동,Point (127.0199861 37.48505011)
apartmentbuilding_596,apartment_1165010825,102,서울특별시 서초구 효령로68길 81 102동,Point (127.02025924 37.48461302)
apartmentbuilding_597,apartment_1165010825,103,서울특별시 서초구 효령로68길 81 103동,Point (127.02067236 37.48518587)
apartmentbuilding_598,apartment_1165010825,104,서울특별시 서초구 효령로68길 81 104동,Point (127.02056093 37.48494083)
apartmentbuilding_599,apartment_1165010827,101,서울특별시 서초구 서초중앙로2길 21 101동,Point (127.01836778 37.48433286)
apartmentbuilding_600,apartment_1165010827,102,서울특별시 서초구 서초중앙로2길 21 102동,Point (127.01851549 37.48390609)
apartmentbuilding_601,apartment_1165010827,103,서울특별시 서초구 서초중앙로2길 21 103동,Point (127.01779564 37.48419143)
apartmentbuilding_602,apartment_1165010829,디,서울특별시 서초구 서초중앙로 15 디동,Point (127.01691234 37.48306236)
apartmentbuilding_603,apartment_1165010829,비,서울특별시 서초구 서초중앙로 15 비동,Point (127.01564151 37.48301058)
apartmentbuilding_604,apartment_1165010829,씨,서울특별시 서초구 서초중앙로 15 씨동,Point (127.01548912 37.4824625)
apartmentbuilding_605,apartment_1165010832,501,서울특별시 서초구 명달로4길 30 501동,Point (127.00715263 37.47995342)
apartmentbuilding_606,apartment_1165010832,502,서울특별시 서초구 명달로4길 30 502동,Point (127.00740024 37.47945568)
apartmentbuilding_607,apartment_1165010833,101,서울특별시 서초구 명달로6길 31 101동,Point (127.0066042 37.48137541)
apartmentbuilding_608,apartment_1165010833,102,서울특별시 서초구 명달로6길 31 102동,Point (127.00685834 37.48095216)
apartmentbuilding_609,apartment_1165010834,힐스테이트 서리풀 101,서울특별시 서초구 서초대로38길 12 힐스테이트 서리풀 101동,Point (127.0057167 37.49011307)
apartmentbuilding_610,apartment_1165010834,힐스테이트 서리풀 102,서울특별시 서초구 서초대로38길 12 힐스테이트 서리풀 102동,Point (127.00626217 37.49022914)
apartmentbuilding_611,apartment_1165010835,101,서울특별시 서초구 서초대로40길 72 101동,Point (127.0080999 37.48808856)
apartmentbuilding_612,apartment_1165010835,102,서울특별시 서초구 서초대로40길 72 102동,Point (127.00787125 37.4885817)
apartmentbuilding_613,apartment_1165010836,201,서울특별시 서초구 효령로49길 57 201동,Point (127.00930536 37.48594893)
apartmentbuilding_614,apartment_1165010836,202,서울특별시 서초구 효령로49길 57 202동,Point (127.00873787 37.48619268)
apartmentbuilding_615,apartment_1165010836,203,서울특별시 서초구 효령로49길 57 203동,Point (127.00903476 37.48650719)
apartmentbuilding_616,apartment_1165010839,101,서울특별시 서초구 반포대로 58 101동,Point (127.01165321 37.4859602)
apartmentbuilding_617,apartment_1165010839,102,서울특별시 서초구 반포대로 58 102동,Point (127.011853 37.48555061)
apartmentbuilding_618,apartment_1165010839,103,서울특별시 서초구 반포대로 58 103동,Point (127.011156 37.48584792)
apartmentbuilding_619,apartment_1165010839,104,서울특별시 서초구 반포대로 58 104동,Point (127.01156082 37.48527918)
apartmentbuilding_620,apartment_1165010841,101,서울특별시 서초구 사임당로10길 39 101동,Point (127.01714837 37.4871338)
apartmentbuilding_621,apartment_1165010841,102,서울특별시 서초구 사임당로10길 39 102동,Point (127.01699719 37.48748659)
apartmentbuilding_622,apartment_1165010841,103,서울특별시 서초구 사임당로10길 39 103동,Point (127.01670319 37.48779026)
apartmentbuilding_623,apartment_1165010843,101,서울특별시 서초구 사임당로17길 116 101동,Point (127.01910514 37.49302138)
apartmentbuilding_624,apartment_1165010843,102,서울특별시 서초구 사임당로17길 116 102동,Point (127.01972966 37.49336724)
apartmentbuilding_625,apartment_1165010843,103,서울특별시 서초구 사임당로17길 116 103동,Point (127.02027092 37.49360493)
apartmentbuilding_626,apartment_1165010844,1,서울특별시 서초구 사임당로23길 53 1동,Point (127.02097226 37.4932365)
apartmentbuilding_627,apartment_1165010844,2,서울특별시 서초구 사임당로23길 53 2동,Point (127.02075523 37.49283664)
apartmentbuilding_628,apartment_1165010845,101,서울특별시 서초구 사임당로19길 10 101동,Point (127.02013866 37.49052269)
apartmentbuilding_629,apartment_1165010845,102,서울특별시 서초구 사임당로19길 10 102동,Point (127.02026957 37.49102185)
apartmentbuilding_630,apartment_1165010848,101,서울특별시 서초구 서초중앙로24길 57 101동,Point (127.02004805 37.49702545)
apartmentbuilding_631,apartment_1165010848,102,서울특별시 서초구 서초중앙로24길 57 102동,Point (127.01941598 37.49697037)
apartmentbuilding_632,apartment_1165010848,103,서울특별시 서초구 서초중앙로24길 57 103동,Point (127.01976805 37.4966009)
apartmentbuilding_633,apartment_1165010849,101,서울특별시 서초구 서초대로65길 13-10 101동,Point (127.01902959 37.49973006)
apartmentbuilding_634,apartment_1165010849,102,서울특별시 서초구 서초대로65길 13-10 102동,Point (127.01923067 37.49905429)
apartmentbuilding_635,apartment_1165010849,103,서울특별시 서초구 서초대로65길 13-10 103동,Point (127.01949621 37.49835658)
apartmentbuilding_636,apartment_1165010849,104,서울특별시 서초구 서초대로65길 13-10 104동,Point (127.01978 37.49778275)
apartmentbuilding_637,apartment_1165010849,105,서울특별시 서초구 서초대로65길 13-10 105동,Point (127.01863076 37.49924626)
apartmentbuilding_638,apartment_1165010849,106,서울특별시 서초구 서초대로65길 13-10 106동,Point (127.01889567 37.49858946)
apartmentbuilding_639,apartment_1165010849,107,서울특별시 서초구 서초대로65길 13-10 107동,Point (127.01915343 37.49795873)
apartmentbuilding_640,apartment_1165010849,108,서울특별시 서초구 서초대로65길 13-10 108동,Point (127.01835377 37.49883445)
apartmentbuilding_641,apartment_1165010849,109,서울특별시 서초구 서초대로65길 13-10 109동,Point (127.0185992 37.49813978)
apartmentbuilding_642,apartment_1165010849,110,서울특별시 서초구 서초대로65길 13-10 110동,Point (127.01889568 37.49756909)
apartmentbuilding_643,apartment_1165010849,111,서울특별시 서초구 서초대로65길 13-10 111동,Point (127.01788134 37.49870956)
apartmentbuilding_644,apartment_1165010849,112,서울특별시 서초구 서초대로65길 13-10 112동,Point (127.01823056 37.49983105)
apartmentbuilding_645,apartment_1165010849,113,서울특별시 서초구 서초대로65길 13-10 113동,Point (127.01764488 37.49926332)
apartmentbuilding_646,apartment_1165010851,10,서울특별시 서초구 서초중앙로 200 10동,Point (127.01423696 37.49882424)
apartmentbuilding_647,apartment_1165010851,11,서울특별시 서초구 서초중앙로 200 11동,Point (127.01649646 37.49900017)
apartmentbuilding_648,apartment_1165010851,12,서울특별시 서초구 서초중앙로 200 12동,Point (127.01582045 37.49864517)
apartmentbuilding_649,apartment_1165010851,13,서울특별시 서초구 서초중앙로 200 13동,Point (127.01460687 37.49829354)
apartmentbuilding_650,apartment_1165010851,14,서울특별시 서초구 서초중앙로 200 14동,Point (127.01687871 37.49866291)
apartmentbuilding_651,apartment_1165010851,15,서울특별시 서초구 서초중앙로 200 15동,Point (127.01601411 37.49812021)
apartmentbuilding_652,apartment_1165010851,16,서울특별시 서초구 서초중앙로 200 16동,Point (127.01471221 37.49780875)
apartmentbuilding_653,apartment_1165010851,17,서울특별시 서초구 서초중앙로 200 17동,Point (127.01714276 37.49812889)
apartmentbuilding_654,apartment_1165010851,18,서울특별시 서초구 서초중앙로 200 18동,Point (127.01625643 37.49766274)
apartmentbuilding_655,apartment_1165010851,19,서울특별시 서초구 서초중앙로 200 19동,Point (127.01529238 37.49738193)
apartmentbuilding_656,apartment_1165010851,1,서울특별시 서초구 서초중앙로 200 1동,Point (127.01586089 37.50111888)
apartmentbuilding_657,apartment_1165010851,20,서울특별시 서초구 서초중앙로 200 20동,Point (127.01456971 37.49728804)
apartmentbuilding_658,apartment_1165010851,21,서울특별시 서초구 서초중앙로 200 21동,Point (127.01745925 37.49769352)
apartmentbuilding_659,apartment_1165010851,22,서울특별시 서초구 서초중앙로 200 22동,Point (127.01657562 37.49722911)
apartmentbuilding_660,apartment_1165010851,23,서울특별시 서초구 서초중앙로 200 23동,Point (127.01561041 37.49693187)
apartmentbuilding_661,apartment_1165010851,24,서울특별시 서초구 서초중앙로 200 24동,Point (127.0157387 37.49635144)
apartmentbuilding_662,apartment_1165010851,25,서울특별시 서초구 서초중앙로 200 25동,Point (127.01601145 37.49594927)
apartmentbuilding_663,apartment_1165010851,2,서울특별시 서초구 서초중앙로 200 2동,Point (127.01547358 37.50042849)
apartmentbuilding_664,apartment_1165010851,3,서울특별시 서초구 서초중앙로 200 3동,Point (127.01472389 37.50000368)
apartmentbuilding_665,apartment_1165010851,5,서울특별시 서초구 서초중앙로 200 5동,Point (127.01586191 37.50002666)
apartmentbuilding_666,apartment_1165010851,6,서울특별시 서초구 서초중앙로 200 6동,Point (127.01515433 37.49955787)
apartmentbuilding_667,apartment_1165010851,7,서울특별시 서초구 서초중앙로 200 7동,Point (127.01409436 37.49931108)
apartmentbuilding_668,apartment_1165010851,8,서울특별시 서초구 서초중앙로 200 8동,Point (127.01624727 37.49962253)
apartmentbuilding_669,apartment_1165010851,9,서울특별시 서초구 서초중앙로 200 9동,Point (127.01551302 37.49914275)
apartmentbuilding_670,apartment_1165010852,비,서울특별시 서초구 서초중앙로 188 비동,Point (127.01332575 37.49828954)
apartmentbuilding_671,apartment_1165010852,씨,서울특별시 서초구 서초중앙로 188 씨동,Point (127.01353527 37.49734784)
apartmentbuilding_672,apartment_1165010853,101,서울특별시 서초구 서초중앙로24길 33 101,Point (127.01705539 37.49575381)
apartmentbuilding_673,apartment_1165010853,102,서울특별시 서초구 서초중앙로24길 33 102,Point (127.01685423 37.49600413)
apartmentbuilding_674,apartment_1165010853,103,서울특별시 서초구 서초중앙로24길 33 103,Point (127.01660409 37.49650541)
apartmentbuilding_675,apartment_1165010853,104,서울특별시 서초구 서초중앙로24길 33 104,Point (127.01710761 37.49670266)
apartmentbuilding_676,apartment_1165010853,105,서울특별시 서초구 서초중앙로24길 33 105,Point (127.01750857 37.49696644)
apartmentbuilding_677,apartment_1165010853,106,서울특별시 서초구 서초중앙로24길 33 106,Point (127.01791261 37.49712138)
apartmentbuilding_678,apartment_1165010854,101,서울특별시 서초구 서초중앙로24길 43 101동,Point (127.01755708 37.49619096)
apartmentbuilding_679,apartment_1165010854,102,서울특별시 서초구 서초중앙로24길 43 102동,Point (127.01835759 37.49661995)
apartmentbuilding_680,apartment_1165010854,103,서울특별시 서초구 서초중앙로24길 43 103동,Point (127.01859635 37.49589053)
apartmentbuilding_681,apartment_1165010854,104,서울특별시 서초구 서초중앙로24길 43 104동,Point (127.01888139 37.49626202)
apartmentbuilding_682,apartment_1165010855,201,서울특별시 서초구 서운로 104 201동,Point (127.02649221 37.49341657)
apartmentbuilding_683,apartment_1165010855,202,서울특별시 서초구 서운로 104 202동,Point (127.02717095 37.4936251)
apartmentbuilding_684,apartment_1165010855,203,서울특별시 서초구 서운로 104 203동,Point (127.02741552 37.49314388)
apartmentbuilding_685,apartment_1165010855,204,서울특별시 서초구 서운로 104 204동,Point (127.02765935 37.4927088)
apartmentbuilding_686,apartment_1165010855,205,서울특별시 서초구 서운로 104 205동,Point (127.02672718 37.49293182)
apartmentbuilding_687,apartment_1165010857,101,서울특별시 서초구 서운로 62 101동,Point (127.02930165 37.48929447)
apartmentbuilding_688,apartment_1165010857,102,서울특별시 서초구 서운로 62 102동,Point (127.02842671 37.4894438)
apartmentbuilding_689,apartment_1165010857,103,서울특별시 서초구 서운로 62 103동,Point (127.02915012 37.4896667)
apartmentbuilding_690,apartment_1165010857,104,서울특별시 서초구 서운로 62 104동,Point (127.0281732 37.4899084)
apartmentbuilding_691,apartment_1165010857,105,서울특별시 서초구 서운로 62 105동,Point (127.0289162 37.49008159)
apartmentbuilding_692,apartment_1165010857,106,서울특별시 서초구 서운로 62 106동,Point (127.02786894 37.49039269)
apartmentbuilding_693,apartment_1165010857,107,서울특별시 서초구 서운로 62 107동,Point (127.02868101 37.4905738)
apartmentbuilding_694,apartment_1165010857,108,서울특별시 서초구 서운로 62 108동,Point (127.02766792 37.49089264)
apartmentbuilding_695,apartment_1165010857,109,서울특별시 서초구 서운로 62 109동,Point (127.02842487 37.49107627)
apartmentbuilding_696,apartment_1165010857,110,서울특별시 서초구 서운로 62 110동,Point (127.02743511 37.49135971)
apartmentbuilding_697,apartment_1165010857,111,서울특별시 서초구 서운로 62 111동,Point (127.02818667 37.49156672)
apartmentbuilding_698,apartment_1165010857,112,서울특별시 서초구 서운로 62 112동,Point (127.02799374 37.49200996)
apartmentbuilding_699,apartment_1165010901,101,서울특별시 서초구 헌릉로8길 58 101동,Point (127.0631265 37.45354343)
apartmentbuilding_700,apartment_1165010901,102,서울특별시 서초구 헌릉로8길 58 102동,Point (127.06247754 37.45324448)
apartmentbuilding_701,apartment_1165010901,103,서울특별시 서초구 헌릉로8길 58 103동,Point (127.06260175 37.45273025)
apartmentbuilding_702,apartment_1165010901,104,서울특별시 서초구 헌릉로8길 58 104동,Point (127.06383031 37.45398597)
apartmentbuilding_703,apartment_1165010901,105,서울특별시 서초구 헌릉로8길 58 105동,Point (127.06425978 37.45422102)
apartmentbuilding_704,apartment_1165010901,106,서울특별시 서초구 헌릉로8길 58 106동,Point (127.06459897 37.4538215)
apartmentbuilding_705,apartment_1165010901,107,서울특별시 서초구 헌릉로8길 58 107동,Point (127.06401394 37.45334116)
apartmentbuilding_706,apartment_1165010901,108,서울특별시 서초구 헌릉로8길 58 108동,Point (127.06385645 37.45286213)
apartmentbuilding_707,apartment_1165010901,109,서울특별시 서초구 헌릉로8길 58 109동,Point (127.06397403 37.45234434)
apartmentbuilding_708,apartment_1165010901,110,서울특별시 서초구 헌릉로8길 58 110동,Point (127.06328595 37.45212967)
apartmentbuilding_709,apartment_1165010901,111,서울특별시 서초구 헌릉로8길 58 111동,Point (127.0643378 37.45197032)
apartmentbuilding_710,apartment_1165010901,112,서울특별시 서초구 헌릉로8길 58 112동,Point (127.06354926 37.45175508)
apartmentbuilding_711,apartment_1165010901,113,서울특별시 서초구 헌릉로8길 58 113동,Point (127.06472116 37.45161818)
apartmentbuilding_712,apartment_1165010901,114,서울특별시 서초구 헌릉로8길 58 114동,Point (127.06373307 37.45132707)
apartmentbuilding_713,apartment_1165010901,115,서울특별시 서초구 헌릉로8길 58 115동,Point (127.06479486 37.45108183)
apartmentbuilding_714,apartment_1165010901,116,서울특별시 서초구 헌릉로8길 58 116동,Point (127.06380398 37.45095408)
apartmentbuilding_715,apartment_1165010901,117,서울특별시 서초구 헌릉로8길 58 117동,Point (127.06483335 37.45050031)
apartmentbuilding_716,apartment_1165010901,118,서울특별시 서초구 헌릉로8길 58 118동,Point (127.06387472 37.45052032)
apartmentbuilding_717,apartment_1165010901,119,서울특별시 서초구 헌릉로8길 58 119동,Point (127.06500587 37.45019728)
apartmentbuilding_718,apartment_1165010901,120,서울특별시 서초구 헌릉로8길 58 120동,Point (127.06404512 37.45005802)
apartmentbuilding_719,apartment_1165010901,121,서울특별시 서초구 헌릉로8길 58 121동,Point (127.06409158 37.45086952)
apartmentbuilding_720,apartment_1165010901,122,서울특별시 서초구 헌릉로8길 58 122동,Point (127.06447666 37.45098606)
apartmentbuilding_721,apartment_1165010901,123,서울특별시 서초구 헌릉로8길 58 123동,Point (127.06414736 37.45049123)
apartmentbuilding_722,apartment_1165010901,124,서울특별시 서초구 헌릉로8길 58 124동,Point (127.06452432 37.45062671)
apartmentbuilding_723,apartment_1165010901,125,서울특별시 서초구 헌릉로8길 58 125동,Point (127.06432527 37.4500901)
apartmentbuilding_724,apartment_1165010901,126,서울특별시 서초구 헌릉로8길 58 126동,Point (127.06467165 37.45018924)
apartmentbuilding_725,apartment_1165010902,201,서울특별시 서초구 헌릉로8길 45 201동,Point (127.06254689 37.4546885)
apartmentbuilding_726,apartment_1165010902,202,서울특별시 서초구 헌릉로8길 45 202동,Point (127.06224612 37.45508332)
apartmentbuilding_727,apartment_1165010902,203,서울특별시 서초구 헌릉로8길 45 203동,Point (127.06195008 37.45541063)
apartmentbuilding_728,apartment_1165010902,204,서울특별시 서초구 헌릉로8길 45 204동,Point (127.06144221 37.45566557)
apartmentbuilding_729,apartment_1165010902,205,서울특별시 서초구 헌릉로8길 45 205동,Point (127.06082777 37.4559527)
apartmentbuilding_730,apartment_1165010902,206,서울특별시 서초구 헌릉로8길 45 206동,Point (127.06032799 37.45622688)
apartmentbuilding_731,apartment_1165010902,207,서울특별시 서초구 헌릉로8길 45 207동,Point (127.05970813 37.45598215)
apartmentbuilding_732,apartment_1165010902,208,서울특별시 서초구 헌릉로8길 45 208동,Point (127.05982936 37.4555678)
apartmentbuilding_733,apartment_1165010902,209,서울특별시 서초구 헌릉로8길 45 209동,Point (127.06026034 37.45508766)
apartmentbuilding_734,apartment_1165010902,210,서울특별시 서초구 헌릉로8길 45 210동,Point (127.06060471 37.45543412)
apartmentbuilding_735,apartment_1165010902,211,서울특별시 서초구 헌릉로8길 45 211동,Point (127.06111042 37.45522606)
apartmentbuilding_736,apartment_1165010902,212,서울특별시 서초구 헌릉로8길 45 212동,Point (127.0609721 37.45479152)
apartmentbuilding_737,apartment_1165010902,213,서울특별시 서초구 헌릉로8길 45 213동,Point (127.0615729 37.4548059)
apartmentbuilding_738,apartment_1165011101,301,서울특별시 서초구 헌릉로8길 22 301동,Point (127.05917965 37.45526755)
apartmentbuilding_739,apartment_1165011101,302,서울특별시 서초구 헌릉로8길 22 302동,Point (127.05884236 37.45555629)
apartmentbuilding_740,apartment_1165011101,303,서울특별시 서초구 헌릉로8길 22 303동,Point (127.0580698 37.45503548)
apartmentbuilding_741,apartment_1165011101,304,서울특별시 서초구 헌릉로8길 22 304동,Point (127.05866086 37.45480725)
apartmentbuilding_742,apartment_1165011101,305,서울특별시 서초구 헌릉로8길 22 305동,Point (127.05910724 37.45436429)
apartmentbuilding_743,apartment_1165011101,306,서울특별시 서초구 헌릉로8길 22 306동,Point (127.05936274 37.45396402)
apartmentbuilding_744,apartment_1165011101,307,서울특별시 서초구 헌릉로8길 22 307동,Point (127.05998835 37.45442874)
apartmentbuilding_745,apartment_1165011101,308,서울특별시 서초구 헌릉로8길 22 308동,Point (127.05978723 37.45474197)
apartmentbuilding_746,apartment_1165011102,501,서울특별시 서초구 청계산로7길 43 501동,Point (127.05755235 37.45075693)
apartmentbuilding_747,apartment_1165011102,502,서울특별시 서초구 청계산로7길 43 502동,Point (127.05768128 37.45114202)
apartmentbuilding_748,apartment_1165011102,503,서울특별시 서초구 청계산로7길 43 503동,Point (127.05727585 37.45161869)
apartmentbuilding_749,apartment_1165011102,504,서울특별시 서초구 청계산로7길 43 504동,Point (127.0578692 37.45153351)
apartmentbuilding_750,apartment_1165011102,505,서울특별시 서초구 청계산로7길 43 505동,Point (127.05803695 37.45190505)
apartmentbuilding_751,apartment_1165011102,506,서울특별시 서초구 청계산로7길 43 506동,Point (127.05733185 37.45205801)
apartmentbuilding_752,apartment_1165011102,507,서울특별시 서초구 청계산로7길 43 507동,Point (127.05700642 37.4523824)
apartmentbuilding_753,apartment_1165011102,508,서울특별시 서초구 청계산로7길 43 508동,Point (127.05614466 37.45246338)
apartmentbuilding_754,apartment_1165011102,509,서울특별시 서초구 청계산로7길 43 509동,Point (127.05644528 37.45210081)
apartmentbuilding_755,apartment_1165011102,510,서울특별시 서초구 청계산로7길 43 510동,Point (127.05665604 37.45163001)
apartmentbuilding_756,apartment_1165011102,511,서울특별시 서초구 청계산로7길 43 511동,Point (127.05692621 37.45119775)
apartmentbuilding_757,apartment_1165011103,701,서울특별시 서초구 청계산로11길 7-12 701동,Point (127.05660421 37.44810505)
apartmentbuilding_758,apartment_1165011103,702,서울특별시 서초구 청계산로11길 7-12 702동,Point (127.0569107 37.4478358)
apartmentbuilding_759,apartment_1165011103,703,서울특별시 서초구 청계산로11길 7-12 703동,Point (127.05691091 37.44848366)
apartmentbuilding_760,apartment_1165011103,704,서울특별시 서초구 청계산로11길 7-12 704동,Point (127.05726167 37.44825425)
apartmentbuilding_761,apartment_1165011103,705,서울특별시 서초구 청계산로11길 7-12 705동,Point (127.05732487 37.44859811)
apartmentbuilding_762,apartment_1165011103,706,서울특별시 서초구 청계산로11길 7-12 706동,Point (127.05730835 37.44891797)
apartmentbuilding_763,apartment_1165011103,707,서울특별시 서초구 청계산로11길 7-12 707동,Point (127.05725657 37.44937016)
apartmentbuilding_764,apartment_1165011103,708,서울특별시 서초구 청계산로11길 7-12 708동,Point (127.0569233 37.44914305)
apartmentbuilding_765,apartment_1165011103,709,서울특별시 서초구 청계산로11길 7-12 709동,Point (127.0564795 37.44882447)
apartmentbuilding_766,apartment_1165011103,710,서울특별시 서초구 청계산로11길 7-12 710동,Point (127.05606597 37.44855167)
apartmentbuilding_767,apartment_1165011104,601,서울특별시 서초구 청계산로9길 1-12 601동,Point (127.05474193 37.45015482)
apartmentbuilding_768,apartment_1165011104,602,서울특별시 서초구 청계산로9길 1-12 602동,Point (127.05519259 37.44982492)
apartmentbuilding_769,apartment_1165011104,603,서울특별시 서초구 청계산로9길 1-12 603동,Point (127.05553539 37.4494514)
apartmentbuilding_770,apartment_1165011104,604,서울특별시 서초구 청계산로9길 1-12 604동,Point (127.05579234 37.44919959)
apartmentbuilding_771,apartment_1165011104,605,서울특별시 서초구 청계산로9길 1-12 605동,Point (127.05624011 37.44968585)
apartmentbuilding_772,apartment_1165011104,606,서울특별시 서초구 청계산로9길 1-12 606동,Point (127.05661095 37.44989218)
apartmentbuilding_773,apartment_1165011104,607,서울특별시 서초구 청계산로9길 1-12 607동,Point (127.05694896 37.45012049)
apartmentbuilding_774,apartment_1165011104,608,서울특별시 서초구 청계산로9길 1-12 608동,Point (127.05624449 37.45058077)
apartmentbuilding_775,apartment_1165011104,609,서울특별시 서초구 청계산로9길 1-12 609동,Point (127.05591603 37.45037878)
apartmentbuilding_776,apartment_1165011104,610,서울특별시 서초구 청계산로9길 1-12 610동,Point (127.05560649 37.45018473)
apartmentbuilding_777,apartment_1165011104,611,서울특별시 서초구 청계산로9길 1-12 611동,Point (127.05509668 37.4506098)
apartmentbuilding_778,apartment_1165011105,101,서울특별시 서초구 헌릉로8길 10-12 101동,Point (127.05835639 37.45616851)
apartmentbuilding_779,apartment_1165011105,102,서울특별시 서초구 헌릉로8길 10-12 102동,Point (127.05793923 37.4559457)
apartmentbuilding_780,apartment_1165011105,103,서울특별시 서초구 헌릉로8길 10-12 103동,Point (127.05737097 37.45571239)
apartmentbuilding_781,apartment_1165011105,104,서울특별시 서초구 헌릉로8길 10-12 104동,Point (127.05652149 37.45559626)
apartmentbuilding_782,apartment_1165011105,105,서울특별시 서초구 헌릉로8길 10-12 105동,Point (127.05656496 37.45596122)
apartmentbuilding_783,apartment_1165011105,106,서울특별시 서초구 헌릉로8길 10-12 106동,Point (127.05712308 37.45615616)
apartmentbuilding_784,apartment_1165011105,107,서울특별시 서초구 헌릉로8길 10-12 107동,Point (127.05737047 37.45641692)
apartmentbuilding_785,apartment_1165011105,108,서울특별시 서초구 헌릉로8길 10-12 108동,Point (127.0575882 37.45669509)
apartmentbuilding_786,apartment_1165011105,109,서울특별시 서초구 헌릉로8길 10-12 109동,Point (127.05789366 37.45641873)
